text,emotion,text_preprocessed
"Masusunog kami, Bathala! Tulungan mo kami! sigaw ng mga tao.",1,sunog kami bathala ! tulong mo kami ! sigaw ng mga tao .
Paano tayo makararating sa sanggol?,1,paano tayo dating sa sanggol ?
Lalong ayaw niya ang isang Hari na mas mataas at makapangyarihan pa sa kanya.,1,lalo ayaw niya ang isa hari na mas taas at kapangyarihan pa sa kanya .
"May masamang balak si Herodes sa sanggol, babala ng angel at sinabi ang balak ni Herodes.",1,may sama balak si herodes sa sanggol babala ng angel at sabi ang balak ni herodes .
Takot na takot ako.,1,takot na takot ako .
Mula noon ay lalong hindi siya makatingin Sa mga manok na salo-salo pa naman kung kumain.,1,mula noon ay lalo hindi siya tingin sa mga manok na salo pa naman kung kain .
Lagi siya sa isang sulok. Inaantok. Sumisinghot. Namamaluktot,1,lagi siya sa isa sulok . antok . singhot . baluktot
Hindi ako takot sa dilim! habang nanginginig sa takot,1,hindi ako takot sa dilim ! habang nginig sa takot
"Nang makita niya na walang ilaw, nagsisigaw siya sa takot.",1,nang kita niya na wala ilaw sigaw siya sa takot .
Tuka'y tumitiklop Pag nagtangkang tumilaok.,1,tuka ay tiklop pag tangka tilaok .
"Akala naman ni Onyok, Parati siyang pinagtatawanan Ng mga kapwa-manok.",1,akala naman ni onyok parati siyang tawa ng mga kapwamanok .
Kumawala tuloy siya sa kamay ng kawal at napatalon ng mataas!,1,kawala tuloy siya sa kamay ng kawal at talon ng taas !
Lalong nagsisigaw ang prinsesa!,1,lalo sigaw ang prinsesa !
Takut na takot kay Poknoy Palaka!,1,takut na takot kay poknoy palaka !
Nakatatakot pa ang lakas ng hangin.,1,takot pa ang lakas ng hangin .
Lumakas ang ulan at hindi tumigil.,1,lakas ang ulan at hindi tigil .
Maraming nasirang kahoy at pananim At waring babaha sa buong bukirin.,1,dami sira kahoy at tanim at wari baha sa buo bukid .
"Tumakbo agad si Tiktaktok at sumigaw nang sumigaw,",1,takbo agad si tiktaktok at sigaw nang sigaw
"Huwag mong kainin ang karne! May lason pala 'yan!""",1,huwag mong kain ang karne ! may lason pala iyan !
Hindi mapakali si Beybi Dan.,1,hindi pakali si beybi dan .
Si Ching ay takot sa dilim.,1,si ching ay takot sa dilim .
"Kapag gabi na, natatakot siyang lumabas sa madilim na bakuran. ",1,kapag gabi na takot siyang labas sa dilim na bakuran .
Natatakot siyang pumasok sa mga gilid na walang ilaw. ,1,takot siyang pasok sa mga gilid na wala ilaw .
"Sa isip ni Ching, baka may bumabang kapre mula sa taas ng malaking punong mangga sa madilim na bakuran. ",1,sa isip ni ching baka may baba kapre mula sa taas ng laki puno mangga sa dilim na bakuran .
O may mga higanteng galamay na susunggab sa kaniya sa loob ng madilim na silid.,1,o may mga higante galamay na sunggab sa kaniya sa loob ng dilim na silid .
Tinatakot kasi siya ng mga pinsan niya.,1,takot kasi siya ng mga pinsan niya .
"""Huwag kang lalabas ng bahay, Ching, baka kunin ka ng tikbalang!"" pananakot sa kaniya ni Kuya Jon.",1,huwag kang labas ng bahay ching baka kunin ka ng tikbalang ! takot sa kaniya ni kuya jon .
Maya-maya ... Biglang dilim! Namatay lahat ng ilaw!,1,mayamaya ... bigla dilim ! patay lahat ng ilaw !
"""Ha! Takot n'yo lang ngayon sa liwanag ko!"" ",1,ha ! takot niyo lang ngayon sa liwanag ko !
Pero teka ... unti-unting lumabo ang ilaw ng lente ni Ching ... hanggang mawala ang sindi nito.,1,pero teka ... unti labo ang ilaw ng lente ni ching ... hanggang wala ang sindi nito .
Takot na takot si Ching!,1,takot na takot si ching !
 Napakadilim! At wala pa ang nanay niya!,1,dilim ! at wala pa ang nanay niya !
Pumikit na lang si Ching at hinintay na dakmain siya ng mga malamig at mabalahibong kamay ng mga maligno ?,1,pikit na lang si ching at hintay na dakma siya ng mga lamig at balahibo kamay ng mga maligno ?
"""Ayan na, ayan na.?."" nanginginig na bulong ni Ching habang nakaupo sa dilim.",1,ayan na ayan na. ? . nginig na bulong ni ching habang upo sa dilim .
Bigla siyang kinilabutan sa nakita niya: dalawang kumikinang na maliit na kristal na lumulutang palapit sa kaniya.,1,bigla siyang kilabot sa kita niya dalawa kinang na liit na kristal na lutang lapit sa kaniya .
Hindi na nakatinag sa takot si Ching.,1,hindi na tinag sa takot si ching .
"""Sandali lang, Toto!"" sigaw ni Mia.",1,sandali lang toto ! sigaw ni mia .
Kumapit si Mia sa kaniyang sombrero at natangay siya paitaas.,1,kapit si mia sa kanya sombrero at tangay siya paitaas .
"""Abay magaling,"" sagot ni Pagong kahit natatakot.",1,abay galing sagot ni pagong kahit takot .
sagot ni Pagong kahit nanginginig.,1,sagot ni pagong kahit nginig .
"""Naku, huwag mo akong itapon sa ilog,"" pagmamakaawa ni Pagong.",1,naku huwag mo akong tapon sa ilog awa ni pagong .
"Sa madilim na gubat, naririnig ni Maria ang kakaibang ingay ng hindi kilalang nilalang.",1,sa dilim na gubat dinig ni maria ang iba ingay ng hindi kilalang nilalang .
"Nang biglang umitim ang langit, natakot si Juan dahil parang may mumunting multo sa kanyang harapan.",1,nang bigla umitim ang langit natakot si juan dahil parang may mumunting multo sa kanyang harapan .
"Habang naglalakad siyang mag-isa, napansin ni Mia ang malakas na kidlat na nagdudulot ng pangamba sa kanyang puso.",1,habang naglalakad siyang isa pansin ni mia ang lakas na kidlat na nagdudulot ng pangamba sa kanyang puso .
"Dahil sa mabilis na pag-ulan, naging takot si Mateo na mawala sa kalsada at hindi makauwi.",1,dahil sa bilis na pagulan naging takot si mateo na wala sa kalsada at hindi makauwi .
"Dahil sa malakas na kulog, natatakot si Lito at nagtatago sa ilalim ng kanyang kumot.",1,dahil sa lakas na kulog takot si lito at tago sa lalim ng kanyang kumot .
"Nang mawala sa kanyang harapan ang kanyang mga kaibigan, naging takot si Tinay na baka siya'y maiwan mag-isa.",1,nang wala sa kanyang harapan ang kanyang mga kaibigan naging takot si tinay na baka siya ay maiwan isa .
"Nang makarinig ng nakakakilabot na ingay sa silong ng bahay, naging takot si Diego at nagtago sa ilalim ng mesa.",1,nang makarinig ng nakakakilabot na ingay sa silong ng bahay naging takot si diego at tago sa lalim ng mesa .
Si Sofia ay nagtakbuhan nang makita niyang lumitaw ang malaking gagamba.,1,si sofia ay nagtakbuhan nang kita niyang litaw ang laki gagamba .
Nagulat si Andres nang biglang umandar ang nakakatakot na kwento sa radyo.,1,gulat si andres nang bigla umandar ang nakakatakot na kwento sa radyo .
Nanginginig ang tuhod ni Diego nang makarinig ng malakas na yabag sa gabi.,1,nginig ang tuhod ni diego nang makarinig ng lakas na yabag sa gabi .
"Tila tinatakasan lagi ng kulay ang mukha niya, at napapadalas na rin ang pagsisikip ng kaniyang hininga para ipagwalang bahala pa.",1,tila tinatakasan lagi ng kulay ang mukha niya at napapadalas na rin ang pagsisikip ng kanya hininga para ipagwalang bahala pa .
"Naalala ng haciendero ang sinapit ng kaniyang asawa, kung kaya't nagpasiya itong huwag nang palabasin ng bahay ang anak niya, upang huwag na itong takasan ng kaniyang hininga",1,alaala ng haciendero ang sinapit ng kanya asawa kung kaya at nagpasiya itong huwag nang palabasin ng bahay ang anak niya upang huwag na itong takasan ng kanya hininga
"Pero nakamamatay pal√° ang ipot ng mga ibong iyon, sumasabog!",1,pero nakamamatay pal ang ipot ng mga ibong iyon sumasabog !
alangan silang napatango sa isa't isa at nag-isip rin kung paano mabilis na makakatakas,1,alangan silang napatango sa isa at isa at isip rin kung paano bilis na makakatakas
Ang pinakatahimik at kimi ay agad nagagalit at handang makipag-away dahil lang sa pinakamaliliit na bagay,1,ang pinakatahimik at kimi ay agad nagagalit at handang makipagaway dahil lang sa pinakamaliliit na bagay
Kataka-takang nagkaroon din ng epidemya ng pagkabaliw at pagpapatiwakal,1,katakatakang nagkaroon din ng epidemya ng pagkabaliw at pagpapatiwakal
"At sa lahat ng ito, walang humpay ang pag-alulong ng hangin sa buong bayan. Nakapangingilabot, animo may ibinabadyang masamang pangitain.",1,at sa lahat ng ito wala humpay ang pagalulong ng hangin sa buo bayan . nakapangingilabot animo may ibinabadyang sama pangitain .
"Dahil kalbo na ang kabundukan, mabilis na umagos ang rumaragasang baha, kasamang dumausdos ang ilang trosong nakatiwangwang",1,dahil kalbo na ang kabundukan bilis na umagos ang rumaragasang baha sama dumausdos ang ilang trosong nakatiwangwang
Binomba ng mga Hapon ang istasyon namin sa Pearl Harbor,1,binomba ng mga hapon ang istasyon namin sa pearl harbor
"napuno ng takot at pangamba ang buong bansa, lalo na sa kanayunan",1,napuno ng takot at pangamba ang buo bansa lalo na sa kanayunan
"Minsan, may nabasa ako tungkol sa isang komunidad na napaghinalaang kalaban ng pamahalaan",1,minsan may nabasa ako tungkol sa isa komunidad na napaghinalaang kalaban ng pamahalaan
Nanalangin na lang ako na lagi sanang ligtas ang aking kaibigan at ang kanyang kagubatan,1,nanalangin na lang ako na lagi sanang ligtas ang aking kaibigan at ang kanyang kagubatan
Dahan-dahan siyang humakbang habang ginagawang pambalanse ang dalawang brasong nakataas,1,dahandahan siyang hakbang habang ginagawang pambalanse ang dalawa brasong nakataas
"""Narinig ko po kasi sa balita na kailangan daw po na isang metro ang layo tuwing pumipila sa mga pamilihan. Nakita ko rin po sa TV, nakaupo sila nang malayo sa isa't isa. Bawal daw po munang magtabi-tabi para hindi mahawa o makahawa ng virus nga ba ang tawag doon?"" sambit ni Ella.",1,dinig ko po kasi sa balita na kailangan daw po na isa metro ang layo tuwing pumipila sa mga pamilihan . kita ko rin po sa tv upo sila nang layo sa isa at isa . bawal daw po munang magtabitabi para hindi hawa o makahawa ng virus nga ba ang tawag doon ? sambit ni ella .
"""Tama ang narinig at nakita mo. Pansamantala, hindi muna pwedeng maglapit-lapit ang mga tao dahil mayroong virus na sobrang liliit at hindi natin nakikita. Coronavirus ang tawag sa virus na ito.""",1,tama ang dinig at kita mo . pansamantala hindi muna pwedeng maglapitlapit ang mga tao dahil mayroong virus na sobrang liliit at hindi natin nakikita . coronavirus ang tawag sa virus na ito .
"Pwede ring magkaroon ng Coronavirus ang katabi niya. Pero dahil hindi niya nakikita ang virus, hindi niya alam na maaaring makahawa siya sa iba.",1,pwede ring magkaroon ng coronavirus ang katabi niya . pero dahil hindi niya nakikita ang virus hindi niya alam na aring makahawa siya sa iba .
"""Naku, pasensya na, hindi po ako marunong humawak ng bata,"" ang sagot ni Rex.",1,naku pasensya na hindi po ako runong humawak ng bata ang sagot ni rex .
"""Takot akong madaplisan siya ng gunting kung bigla siyang maglilikot sa silya.""",1,takot akong madaplisan siya ng gunting kung bigla siyang maglilikot sa silya .
"""Naghintay sila, pero naglahong parang bula ang mga ito sa bubungan.""",1,hintay sila pero naglahong parang bula ang mga ito sa bubungan .
Parang may naririnig siyang huni mula sa loob ng bahay!,1,parang may dinig siyang huni mula sa loob ng bahay !
Gumuho ang mga pader na nakapaligid sa lihim na hardin.,1,gumuho ang mga pader na nakapaligid sa lihim na hardin .
Ipinagbabawal din niya ang maraming bagay. Lahat ay takot sa kaniya.,1,ipinagbabawal din niya ang dami bagay . lahat ay takot sa kaniya .
"Ang lumabag sa kaniyang utos, tiyak na makatitikim ng mabagsik na parusa.",1,ang lumabag sa kanya utos tiyak na makatitikim ng bagsik na parusa .
"Ang tagapagpatupad ng parusa: ang libo-libo niyang mga alagad na tiktik-balang ? mga insektong mababagsik, matatalim ang mga ngipin, at may malalaking tenga.",1,ang tagapagpatupad ng parusa ang libolibo niyang mga alagad na tiktikbalang ? mga insektong mababagsik matatalim ang mga ngipin at may laki tenga .
Agad nilang naririnig ang anomang salita na sasabihin laban sa hari.,1,agad nilang dinig ang anomang salita na sasabihin laban sa hari .
"Huhulihin nila ang suwail na nagsabi at dadalhin sa kung saan, at saka sila uugong nang sabay-sabay para burahin at makalimutan ng mga tao ang kanilang narinig.",1,huhulihin nila ang suwail na nagsabi at dalhin sa kung saan at saka sila uugong nang sabaysabay para burahin at makalimutan ng mga tao ang kanila dinig .
"""Kinabukasan, nang humangin nang malakas, kasabay ng langitngit at lawiswis ay iniluwal ng mga kawayan ang isang umaalulong na tinig:  ""May sungay ang hari, may sungay ang hari!""",1,bukas nang humangin nang lakas kasabay ng langitngit at lawiswis ay iniluwal ng mga kawayan ang isa umaalulong na tinig may sungay ang hari may sungay ang hari !
Nangilabot ang mga tao sa narinig.,1,nangilabot ang mga tao sa dinig .
"""Hoy! Anong ginagawa niyo? Ibaba niyo ako! Ibaba n'yo ako! Ibinaba nga siya ng mga ito  sa bunganga ng isang bulkan!""",1,hoy ! anong gawa niyo ? ibaba niyo ako ! ibaba niyo ako ! ibinaba nga siya ng mga ito sa bunganga ng isa bulkan !
"""May multo daw sa ilalim ng kama!"" sabi ni Sofia kay Miguel na kinakabahan.",1,may multo daw sa lalim ng kama ! sabi ni sofia kay miguel na kinakabahan .
Nagulat si Lia nang biglang umugong ang malakas na kulog.,1,gulat si lia nang bigla umugong ang lakas na kulog .
Nagulat si Lia nang biglang umugong ang malakas na kulog.,1,gulat si lia nang bigla umugong ang lakas na kulog .
"""May aswang sa labas!"" sigaw ni Juan kay Maria na natatakot.",1,may aswang sa labas ! sigaw ni juan kay maria na takot .
Kinikilabutan si Carla nang madinig ang kakaibang tunog mula sa kagubatan.,1,kinikilabutan si carla nang madinig ang iba tunog mula sa kagubatan .
"""May mumu sa ilalim ng hagdang-hagdang!"" sabi ni Ben kay Aya na takot sumilip.",1,may mumu sa lalim ng hagdanghagdang ! sabi ni ben kay aya na takot sumilip .
Napansin ni Alex ang malaking gagamba sa kanyang kwarto at natakot.,1,pansin ni alex ang laki gagamba sa kanyang kwarto at natakot .
Nagtago si Gab sa ilalim ng kanyang kumot nang maramdaman ang malakas na ulan.,1,tago si gab sa lalim ng kanyang kumot nang maramdaman ang lakas na ulan .
"""May multo sa pintuan!"" bulong ni Jamie kay Liam na kinakabahan.",1,may multo sa pinto ! bulong ni jamie kay liam na kinakabahan .
Napansin ni Nina ang anino sa pader at biglang natakot.,1,pansin ni nina ang anino sa pader at bigla natakot .
"""Natatakot ako sa dilim!"" reklamo ni Sofia sa kanyang kuya.",1,takot ako sa dilim ! reklamo ni sofia sa kanyang kuya .
"""May kumakatok sa bintana!"" sabi ni Marco kay Angel na natakot.",1,may kumakatok sa bintana ! sabi ni marco kay angel na natakot .
Kinikilabutan si Ella nang makarinig ng kwento tungkol sa mga aswang.,1,kinikilabutan si ella nang makarinig ng kwento tungkol sa mga aswang .
Napraning si Mia nang may biglang sumulpot na ibon sa kanyang tabi.,1,napraning si mia nang may bigla sumulpot na ibon sa kanyang tabi .
Natatakot si James sa ingay ng malakas na kulog at kidlat.,1,takot si james sa ingay ng lakas na kulog at kidlat .
Nagulat si Paolo nang biglang bumukas ang pinto nang mag-isa siya sa kwarto.,1,gulat si paolo nang bigla bumukas ang pinto nang isa siya sa kwarto .
Nagtakbuhan sina Jake at Giselle nang may biglang sumulpot na alitaptap.,1,nagtakbuhan sina jake at giselle nang may bigla sumulpot na alitaptap .
Natatakot si Kayla sa madilim na kagubatan kaya't nagdala ng flashlight.,1,takot si kayla sa dilim na kagubatan kaya at nagdala ng flashlight .
Kinikilabutan si Marco nang maramdaman ang malamig na simoy ng hangin.,1,kinikilabutan si marco nang maramdaman ang lamig na simoy ng hangin .
"""Ayoko ng dilim, nakakatakot!"" reklamo ni Sophie sa kanyang tatay.",1,ayoko ng dilim nakakatakot ! reklamo ni sophie sa kanyang tatay .
Galit na galit si Herodes pero di siya nagpahalata.,2,galit na galit si herodes pero hindi siya halata .
"Pag nalaman niya kung nasaan ang sanggol, ipapatay niya ang sinasabing Hari ng mga Hari.",2,pag laman niya kung saan ang sanggol ipapatay niya ang sinasabing hari ng mga hari .
Galit na galit si Herodes nang hindi magbalik sa kanya ang tatlo.,2,galit na galit si herodes nang hindi balik sa kanya ang tatlo .
Iniutos niyang patayin ang lahat ng sanggol.,2,utos niyang patay ang lahat ng sanggol .
Bakit kasi isinilang pa ako?,2,bakit kasi silang pa ako ?
Galit nitong pinatigil ang lahat sa paghahabulan.,2,galit nitong tigil ang lahat sa habol .
"Hindi mo dapat tinatakot ang iyong kapatid, ang sabi ng hari sa kawal.",2,hindi mo dapat takot ang iyong kapatid ang sabi ng hari sa kawal .
At hindi mo dapat pinaglalaruan ang mga palaka.,2,at hindi mo dapat laro ang mga palaka .
"Pagbabayaran mo ang ginawa mo sa akin!"" ",2,bayad mo ang gawa mo sa akin !
galit na galit na sabi ng Datu sa binata. ,2,galit na galit na sabi ng datu sa binata .
Itapon sa dagat ang manlolokong iyan! ,2,tapon sa dagat ang loko iyan !
"Luko-luko yata ang taong ito. Lumalapit na ang suwerte, ayaw pa, ",2,lukoluko yata ang tao ito . lapit na ang suwerte ayaw pa
"Nasaan ang Pilandok na iyan?"" galit na galit na tanong ng Datu nang magkamalay",2,saan ang pilandok na iyan ? galit na galit na tanong ng datu nang malay
"Inggit na inggit ang mga babae kay Maria, lalo na sina Tiya Justa, Juanita, at Jovita.",2,inggit na inggit ang mga babae kay maria lalo na sina tiya justa juanita at jovita .
Inggit na inggit sila sa di nakilalang si Maria.,2,inggit na inggit sila sa hindi kilala si maria .
Sakim at malupit si Datu Usman.,2,sakim at lupit si datu usman .
Mabagsik siyang magparusa sa sinumang tumutol at ayaw sumunod.,2,bagsik siyang parusa sa sinumang tutol at ayaw sunod .
Hinakot ng mga kawal ang lahat ng ginto.,2,hinakot ng mga kawal ang lahat ng ginto .
"Sinamsam nila ang mga suklay, hikaw, singsing, at iba pang alahas na may ginto.",2,samsam nila ang mga suklay hikaw singsing at iba pang alahas na may ginto .
Sinamsam nila ang mga kasangkapan ng taumbayan na yari sa ginto.,2,samsam nila ang mga sangkap ng taumbayan na yari sa ginto .
at galit na galit siya kay Datu Usman.,2,at galit na galit siya kay datu usman .
Sino ka?!? mabagsik na sigaw ng datu.,2,sino ka ? ! ? bagsik na sigaw ng datu .
"Kawal, palayasin ang pulubing ito!",2,kawal layas ang pulubi ito !
Baliw ka ba? Paano ako magkakaginto sa alaga mong payat na manok?,2,baliw ka ba ? paano ako ginto sa alaga mong payat na manok ?
Umiral ang kasakiman ng datu at pumayag sa mga hiling ni Pilandok.,2,umiral ang sakim ng datu at payag sa mga hiling ni pilandok .
Marami namang kagalit si Pikpakbum.,2,dami namang galit si pikpakbum .
"""Hep! Sa ating paghahati, ako muna ang pipili,"" sabi ni Matsing.",2,hep ! sa ating hati ako muna ang pili sabi ni matsing .
"""Hindi maaari! Ako ang nakakita kaya ako ang 'unang pipili!"" sabi ni Matsing.",2,hindi maaari ! ako ang kita kaya ako ang una pili ! sabi ni matsing .
Hindi na niya binigyan ng saging si Pagong.,2,hindi na niya bigay ng saging si pagong .
"""Hoy Matsing! Bigyan mo naman ako,"" sigaw ni Pagong.",2,hoy matsing ! bigay mo naman ako sigaw ni pagong .
"""Balat man kung malinamnam,  hindi kita hahagisan,"" sagot ni Matsing.",2,balat man kung namnam hindi kita hagis sagot ni matsing .
Nagalit si Pagong sa sagot ni Matsing.,2,galit si pagong sa sagot ni matsing .
"""Salbahe ka, Pagong! Magbabayad ka!""",2,salbahe ka pagong ! bayad ka !
"""Dahil sa ginawa mo,"" sabi ni Matsing, ""tatadtarin kita nang pinong-pino.""",2,dahil sa gawa mo sabi ni matsing tadtad kita nang pino .
"""Alam ko na! Iluluto na lang kita. Iluluto kita hanggang mamatay ka!""",2,alam ko na ! luto na lang kita . luto kita hanggang patay ka !
"""A, hindi! hahagis na lang kita sa ilog para ikaw ay malunod,"" sabi ni Matsing.",2,a hindi ! hahagis na lang kita sa ilog para ikaw ay lunod sabi ni matsing .
"""Tama na!"" napasigaw si Ching ng malakas sa kanya kuya",2,tama na ! sigaw si ching ng lakas sa kanya kuya
Hinampas ni Kikay ang pintuan nang malaman niyang nawawala ang kanyang tsokolate.,2,hinampas ni kikay ang pinto nang alam niyang nawawala ang kanyang tsokolate .
Nagngingitngit si Pinggoy dahil sinaktan siya ng kaibigan.,2,nagngingitngit si pinggoy dahil sinaktan siya ng kaibigan .
Sumigaw si Tintin nang madapa at mabasag ang kanyang laruan.,2,sigaw si tintin nang madapa at mabasag ang kanyang laruan .
Nagdabog si Bongbong nang hindi makuha ang gusto niyang laruan.,2,nagdabog si bongbong nang hindi kuha ang gusto niyang laruan .
Umiiyak si Tina dahil sa sobrang inis sa kanyang kapatid.,2,iyak si tina dahil sa sobrang inis sa kanyang kapatid .
Naglalakad si Juan ng mabilis sa sobrang galit sa kanyang kaibigan,2,naglalakad si juan ng bilis sa sobrang galit sa kanyang kaibigan
Binuksan ni Tatay ang pinto ng bahay,2,bukas ni tatay ang pinto ng bahay
"""Ayaw ko na maglaro sa'yo! Umalis ka na lang.""",2,ayaw ko na laro saiyo ! alis ka na lang .
"""Nakakainis ang ginawa mo! Hindi kita kaibigan.""",2,nakakainis ang gawa mo ! hindi kita kaibigan .
"""Grabe ka magalit! Hindi mo kailangang sumigaw ng ganun.""",2,grabe ka magalit ! hindi mo kailangang sigaw ng ganun .
"""Tama na!"" galit na galit niyang sinabi",2,tama na ! galit na galit niyang sabi
"""Grrr! Ayoko na! """,2,grrr ! ayoko na !
"Nagtampo si Miguel nang hindi siya pinili bilang kapitan ng kanilang team sa laro.""",2,tampo si miguel nang hindi siya pinili bilang kapitan ng kanila team sa laro .
Nagsungit si Gino nang hindi makuha ang gusto niyang laruan sa tindahan.,2,nagsungit si gino nang hindi kuha ang gusto niyang laruan sa tindahan .
Nagmukmok si Ching sa isang sulok ng pinagalitan ng kanyang ina,2,nagmukmok si ching sa isa sulok ng pinagalitan ng kanyang ina
"""Nakakainis!"" sabi ni Kiko nang madapa siya sa putik habang naglalaro.",2,nakakainis ! sabi ni kiko nang madapa siya sa putik habang laro .
"""Ayokong pakasal sa prinsesa! Ayokong pakasal sa prinsesa!""  sigaw ni Pilandok.",2,ayoko kasal sa prinsesa ! ayoko kasal sa prinsesa ! sigaw ni pilandok .
Tila nagpumiglas itong palayain ang sarili sa lupa at nagsumulang gumapang.,2,tila nagpumiglas itong laya ang sarili sa lupa at nagsumulang gumapang .
May malaking problema lang si Boyet at si Nino. Magkagalit ang kanilang mga tatay.,2,may laki problema lang si boyet at si nino . magkagalit ang kanila mga tatay .
Nagsimula ang alitan nang bakuran ng ama ni Boyet ang lupa.,2,nagsimula ang alitan nang bakuran ng ama ni boyet ang lupa .
"""Ayokong makitang nagpupunta ka sa bahay na-kahoy,"" sabi ng tatay ni Nimo. Alam niyang bahay nina Boyet ang tinutukoy ng tatay niya.",2,ayoko makitang nagpupunta ka sa bahay nakahoy sabi ng tatay ni nimo . alam niyang bahay nina boyet ang tinutukoy ng tatay niya .
"""Huwag na huwag ka nang pupunta sa bahay na-bato,"" sabi ng tatay ni Boyet. Alam niyang bahay nina Nino ang tinutukoy ng tatay niya.",2,huwag na huwag ka nang punta sa bahay nabato sabi ng tatay ni boyet . alam niyang bahay nina nino ang tinutukoy ng tatay niya .
"Dala ng mga sirena't siyokoy ang isang koronang yari sa koral, tubig dagat, at mga isda. Ngunit matigas ito't masakit kung isusuot. Ang masama pa, nababasa ng tubig si Inang Kalikasan, at inaaway ng mga isda ang mga ibon.",2,dala ng mga sirena at siyokoy ang isa koronang yari sa koral tubig dagat at mga isda . ngunit tigas ito at sakit kung isusuot . ang sama pa nababasa ng tubig si inang kalikasan at inaaway ng mga isda ang mga ibon .
"Naghandog naman ang mga higante ng koronang gawa sa daumbuhalang mga bato. Agad itong tinanggihan ng reyna, ni hindi na niya ito isinukat. Masyado itong malaki at mabigat!",2,naghandog naman ang mga higante ng koronang gawa sa daumbuhalang mga bato . agad itong tinanggihan ng reyna ni hindi na niya ito isinukat . masyado itong laki at mabigat !
"""Oy, Melo! Nakita ko na naman yung aso mong natutulog sa kinalkal niyang hukay sa taniman ko ng sunflower!""",2,oy melo ! kita ko na naman yung aso mong tulog sa kinalkal niyang hukay sa taniman ko ng sunflower !
"""O, talaga? Puwes, nahuli ko yung pusa mong sumusubok umebak sa mga repolyo ko nitong umaga!""",2,o talaga ? puwes huli ko yung pusa mong sumusubok umebak sa mga repolyo ko nitong umaga !
"""Yan ang napapala mo dahil hinahayaan mong ihian ng aso mo ang mga rosas ko!""",2,iyan ang napapala mo dahil hinahayaan mong ihian ng aso mo ang mga rosas ko !
"""At para namang hindi mo binabayaang akyatin ng pusa mo ang mga tanim kong pipino?""",2,at para namang hindi mo binabayaang akyatin ng pusa mo ang mga tanim kong pipino ?
"nagtatalo tungkol sa mga napisat na pako, nginatngat na dahon, tinaob na paso, at binunot na halaman.",2,nagtatalo tungkol sa mga napisat na pako nginatngat na dahon tinaob na paso at binunot na halaman .
Sinunog ng militar ang buong bayan at ang mga tao'y pinagpapatay,2,sinunog ng militar ang buo bayan at ang mga tao ay pinagpapatay
"Sinisigawan ng Meyor ang mga guwardiya para hulihin si Carl at itapon sa bilangguan, ngunit?",2,sinisigawan ng meyor ang mga guwardiya para hulihin si carl at tapon sa bilangguan ngunit ?
"""Hindi ito dapat malaman ng mga tao! pasiya ng hari.""",2,hindi ito dapat alam ng mga tao ! pasiya ng hari .
"Pagkatapos niyang magpahayag, nagkaisa ang taumbayan: ""Tumubo ang mga sungay na 'yan dahil sa labis niyang kasamaan!""",2,tapos niyang magpahayag nagkaisa ang taumbayan tumubo ang mga sungay na iyan dahil sa labis niyang kasamaan !
Sama-samang sumugod sa palasyo ang mga tao para usigin ang hari tungkol sa kaniyang mga sungay.,2,samasamang sumugod sa palasyo ang mga tao para usigin ang hari tungkol sa kanya mga sungay .
Kaya't sinira nila ang pinto at nagpumilit silang pumasok.,2,kaya at sinira nila ang pinto at nagpumilit silang pasok .
"""Oo! May sungay nga ako! E ano ngayon? May sungay ang hari, at hindi ito mababali!"" singhal ng hari.",2,oo ! may sungay nga ako ! e ano ngayon ? may sungay ang hari at hindi ito mababali ! singhal ng hari .
Galit si Kiko dahil iniwan siyang mag-isa sa playground.,2,galit si kiko dahil iwan siyang isa sa playground .
Sumimangot si Carlo nang hindi siya mabigyan ng gusto niyang laruang robot.,2,sumimangot si carlo nang hindi siya mabigyan ng gusto niyang laruang robot .
"""Hindi mo dapat ginawa 'yan!"" sigaw ni Marco sa kaibigan na nakakalimutan ang pangako.",2,hindi mo dapat gawa iyan ! sigaw ni marco sa kaibigan na nakakalimutan ang pangako .
"""Bakit mo ginawang ganyan?"" sabi ni Maya kay Miguel na kinuha ang kanyang krayola.",2,bakit mo gawa ganyan ? sabi ni maya kay miguel na kuha ang kanyang krayola .
"Nahulog ang ice cream ni Bianca, kaya't nagsimula siyang magtampo at magalit.",2,nahulog ang ice cream ni bianca kaya at nagsimula siyang magtampo at magalit .
Galit si Aiden dahil tinatapakan ng kapatid ang kanyang mga laruan.,2,galit si aiden dahil tinatapakan ng kapatid ang kanyang mga laruan .
Nagngingitngit si Lia nang makita niyang may pumutol ng kanyang artwork.,2,nagngingitngit si lia nang kita niyang may pumutol ng kanyang artwork .
"""Hindi ko gusto 'yan!"" reklamo ni Paolo nang ipinilit sa kanya ang kakaibang pagkain.",2,hindi ko gusto iyan ! reklamo ni paolo nang ipinilit sa kanya ang iba kain .
Naiinis si Sophia dahil inaagaw ng kaklase ang kanyang upuan.,2,naiinis si sophia dahil inaagaw ng kaklase ang kanyang upuan .
"""Ayoko sa'yo!"" sigaw ni Enzo kay Jake na kinukulit siya.",2,ayoko saiyo ! sigaw ni enzo kay jake na kinukulit siya .
"""Masama ka!"" sabi ni Bella kay Lucas na nangang-asar.",2,sama ka ! sabi ni bella kay lucas na nangangasar .
Galit na galit si Celine nang makita ang mga gasgas sa kanyang bagong bike.,2,galit na galit si celine nang kita ang mga gasgas sa kanyang bago bike .
Nagwawala si Mia nang mawala ang kanyang paboritong tsokolate.,2,nagwawala si mia nang wala ang kanyang paboritong tsokolate .
"""Nakakainis ka!"" sabi ni Jason nang itapon ng kaibigan ang kanyang papag.",2,nakakainis ka ! sabi ni jason nang tapon ng kaibigan ang kanyang papag .
Naiinis si Dominic dahil tinapon ang kanyang inipit na papel sa basurahan.,2,naiinis si dominic dahil tinapon ang kanyang inipit na papel sa basurahan .
"""Hindi mo ako nirerespeto!"" sabi ni Giselle kay Andre na hindi nagbibigay ng atensiyon.",2,hindi mo ako nirerespeto ! sabi ni giselle kay andre na hindi nagbibigay ng atensiyon .
Naiinis si Kyle dahil sinadyang masaktan siya ng kaibigan.,2,naiinis si kyle dahil sinadyang masaktan siya ng kaibigan .
"""Ayaw ko sa'yo!"" sigaw ni Max kay Ella na nagtatawa sa kanya.",2,ayaw ko saiyo ! sigaw ni max kay ella na nagtatawa sa kanya .
"""Sinasadya mo ba 'yan?"" tanong ni Luis kay Carlo na nang-aasar.",2,sadya mo ba iyan ? tanong ni luis kay carlo na nangaasar .
Nagtampo si Miguel nang hindi siya kasama sa laro ng mga kaibigan.,2,tampo si miguel nang hindi siya sama sa laro ng mga kaibigan .
"""Bawal mangopya!"" sabi ni Teacher kay Alex na nagche-cheat sa klase.",2,bawal mangopya ! sabi ni teacher kay alex na nagchecheat sa klase .
Galit si Sean dahil iniwan siya ng best friend sa school.,2,galit si sean dahil iwan siya ng best friend sa school .
"""Hindi ka marunong makinig!"" reklamo ni Kelly kay Jacob na laging nakikipagtalo.",2,hindi ka runong makinig ! reklamo ni kelly kay jacob na laging nakikipagtalo .
"""Hindi kita kaibigan!"" sabi ni Sofia kay Ella na nang-aapi.",2,hindi kita kaibigan ! sabi ni sofia kay ella na nangaapi .
"""Wala kang pakialam!"" sigaw ni Kat kay Dan na hindi nagtutulong.",2,wala kang pakialam ! sigaw ni kat kay dan na hindi nagtutulong .
Galit si Grace dahil nasira ang kanyang mga laruan ng kapatid.,2,galit si grace dahil nasira ang kanyang mga laruan ng kapatid .
"""Wala kang respeto!"" sigaw ni Miguel kay Jenny na nagtatawanan sa klase.",2,wala kang respeto ! sigaw ni miguel kay jenny na nagtatawanan sa klase .
"Hindi na ako malulungkot, sigaw ni Bathala na tuwang-tuwa.",3,hindi na ako lungkot sigaw ni bathala na tuwa .
Tuwang-tuwa ang mga tao sa ginawang himala ni Bathala.,3,tuwa ang mga tao sa gawa himala ni bathala .
"Katamtaman na ang init at lamig! Salamat, O Bathala! sigaw nila.",3,katamtaman na ang init at lamig ! salamat o bathala ! sigaw nila .
Noon lamang sila nakakita ng ganoon kagandang tala.,3,noon lamang sila kita ng ganoon ganda tala .
Magpugay tayo sa kanya! sabi ng isa.,3,pugay tayo sa kanya ! sabi ng isa .
Isinilang na ang Hari ng mga Hari!,3,silang na ang hari ng mga hari !
Tuwang-tuwa sila na makita ang Hari ng mga Hari.,3,tuwa sila na kita ang hari ng mga hari .
"Sa lahat ng aking mga pinsan, siya ang aking hinahangaan. ",3,sa lahat ng aking mga pinsan siya ang aking hanga .
Bilib na bilib ako kay Raquel. ,3,bilib na bilib ako kay raquel .
"Wow? Ang galing-galing,",3,wow ? ang galing
Wiling wili ako sa pakikinig at pangangarap ng sinasabi niyang pambihirang daigdig. ,3,wiling wili ako sa kinig at pangarap ng sabi niyang bihira daigdig .
May ngiti na uli ang kaniyang labi.,3,may ngiti na uli ang kanya labi .
"Hinimas si Onyok, kinantahan, pinatawa.",3,himas si onyok kanta tawa .
"Masayang nagigising, nanggigising na masaya,",3,saya gising gising na saya
"Ang mahiyaing manok, Iniunat ang likod, Ikinuskos ang paa, Itinaas ang leeg, Inilatag ang pakpak, At saka tumilaok Nang matinis at sunud-sunod:",3,ang hiya manok unat ang likod kuskos ang paa taas ang leeg latag ang pakpak at saka tilaok nang tinis at sunudsunod
"Paglaki ko, ako naman ang magtuturo Sa mga mahiyaing batang manok Kung paano ang pagtilaok.",3,laki ko ako naman ang turo sa mga hiya bata manok kung paano ang tilaok .
Tuwang-tuwa si Poknoy Palaka.,3,tuwa si poknoy palaka .
Iyon lang at masaya nang nagtatalon palayo si Poknoy Palaka.,3,iyon lang at saya nang talon layo si poknoy palaka .
Masaya siya dahil may magandang aral siyang natutunan.,3,saya siya dahil may maganda aral siyang tuto .
"""Nagustuhan mo ba ang aking kuwento, apo?"" ""Opo, lola!""",3,gusto mo ba ang aking kuwento apo ? opo lola !
Upang may makain silang masarap na keso araw-araw.,3,upang may kain silang sarap na keso araw .
sa paligid ng buwan ay masayang luminga-linga.,3,sa paligid ng buwan ay saya lumingalinga .
Totoo nga pala! sigaw niyang buong saya.,3,totoo nga pala ! sigaw niyang buo saya .
Nagtawanan lamang ang mga kawal.,3,tawa lamang ang mga kawal .
Gusto kong pakasal sa prinsesa!,3,gusto kong kasal sa prinsesa !
"Kung sisisid ako sa kahariang iyon, tiyak na marami pang perlas at alahas ang makukuha ko",3,kung sisid ako sa kaharian iyon tiyak na dami pang perlas at alahas ang kuha ko
"""Kaibigang Langgam, halika't maglaro"" Sabi ni Tipaklong na pabiro-biro.",3,kaibigan langgam halika at laro sabi ni tipaklong na biro .
"""Ang sarap mag-aliw!",3,ang sarap aliw !
pakanta-kanta at patalon-talon.,3,kanta at talon .
Mahal na mahal ni Tiya Justa ang dalawa,3,mahal na mahal ni tiya justa ang dalawa
"""Halika't mas mainam itong iulam!""",3,halika at mas inam itong ulam !
"Tuwang-tuwang kinain nina Tiya Justa, Juanita, at Jovita ang alimango. ",3,tuwa kain nina tiya justa juanita at jovita ang alimango .
"""Pakakasalan daw ng Prinsipe ang may-ari ng sapatos,"" nasasabik na sabi ng dalawang kapatid ni Maria.",3,kasal daw ng prinsipe ang yari ng sapatos sabik na sabi ng dalawa kapatid ni maria .
Ipinahanda ang isang maringal na kasal.,3,handa ang isa dingal na kasal .
"Dumalo sa palasyo ang mga tao para tingnan ang magandang asawa ng Prinsipe, ang magandang si Mariang Alimango.",3,dalo sa palasyo ang mga tao para tingin ang maganda asawa ng prinsipe ang maganda si mariang alimango .
At nanaginip si Datu Usman ng isang malaki't gintong sarimanok.,3,at panaginip si datu usman ng isa laki at ginto sarimanok .
"""Magkano, magkano ang manok mo?"" sabik na tanong ng datu.",3,magkano magkano ang manok mo ? sabik na tanong ng datu .
Tinapik pa uli ng datu ang manok bago ito pakawalan sa silid at lumabas ang ikaapat na butil ng ginto!,3,tapik pa uli ng datu ang manok bago ito kawala sa silid at labas ang apat na butil ng ginto !
Napanaginip niya ang mahiwagang manok at punong-puno ng ginto ang silid nito!,3,panaginip niya ang hiwaga manok at puno ng ginto ang silid nito !
Maraming kalaro si Tiktaktok.,3,dami kalaro si tiktaktok .
"""Ang sarap,""",3,ang sarap
Naging magkaibigan na sila.,3,naging kaibigan na sila .
Magmula noon ay nagbago na si Pikpakbum.,3,mula noon ay bago na si pikpakbum .
Hindi na sila nag-aaway ng kaniyang kapatid.,3,hindi na sila away ng kanya kapatid .
At tumawa nang tumawa habang mabilis na tumatakbo.,3,at tawa nang tawa habang bilis na takbo .
"""At hindi kita narinig na umiyak. Napakatapang ng aking anak!",3,at hindi kita dinig na iyak . tapang ng aking anak !
"Ikaw ang matapang kong Beybi Dan!""",3,ikaw ang tapang kong beybi dan !
"Kahanga-hanga ang pagkakagawa, sabi nito.",3,hanga ang gawa sabi nito .
Bago matulog ay pinainom niya ng gamot si Jelina at nagpasalamat sa Diyos sa biyaya nito sa araw na iyon.,3,bago tulog ay inom niya ng gamot si jelina at salamat sa diyos sa biyaya nito sa araw na iyon .
Tapos na ang mga iyon at kamangha-mangha dahil sa pulidong pagkagawa.,3,tapos na ang mga iyon at mangha dahil sa pulido gawa .
"""Napakaganda at walang kaparis ang mga sapatos mo,"" wika ng mamimili.",3,ganda at wala paris ang mga sapatos mo wika ng pili .
"""Irerekomenda ko sa aking ma kakilala na dito na sila bumili.""",3,rekomenda ko sa aking ma kilala na dito na sila bili .
"""Maraming salamat po,"" natutuwang sabi ni Donillo.",3,dami salamat po tuwa sabi ni donillo .
"Matapos painumin ng gamot si Jelina, nagdasal ng pasasalamat si Donillo bago matulog.",3,tapos inom ng gamot si jelina dasal ng salamat si donillo bago tulog .
Paggising niya ay apat na pares ng magaganda at kakaibang sapatos ang nakadispley sa kanyang tindahan.,3,gising niya ay apat na pares ng ganda at iba sapatos ang displey sa kanyang tindahan .
"Magaling na ako, wika ni Jelina. ",3,galing na ako wika ni jelina .
Dumami ang mga mamimili ni Donillo. ,3,dami ang mga pili ni donillo .
Nabawi na rin niya ang perang naubos sa pagpapagamot ni Jelina.,3,bawi na rin niya ang pera ubos sa gamot ni jelina .
"""Malaki ang utang na loob natin sa kung sinumang tumutulong sa atin,"" wika ni Donillo.",3,laki ang utang na loob natin sa kung sinumang tulong sa atin wika ni donillo .
"""Dahil sa kanila ay muling gumaan ang ating buhay.""",3,dahil sa kanila ay muli gaan ang ating buhay .
Nag-isip ang mag-asawa kung ano ang maaaring ipalit sa kagandahang loob ng mga dwende.,3,isip ang magasawa kung ano ang aring palit sa ganda loob ng mga dwende .
Nagsayawan sa tuwa ang dalawang dwende.,3,sayaw sa tuwa ang dalawa dwende .
"""Nagustuhan n'yo ba?"" nakangiting tanong ni Jelina. Tumango ang dalawa at yumuko.",3,gusto niyo ba ? ngiti tanong ni jelina . tango ang dalawa at yuko .
Nagpalitan ng tingin ang mga dwende. Pagkatapos ay sabay na tumango. Niyakap ni Jelina ang mga ito.,3,nagpalitan ng tingin ang mga dwende . tapos ay sabay na tango . yakap ni jelina ang mga ito .
Mula noon ay lalong naging popular ang pagawaan ng sapatos ni Donillo. ,3,mula noon ay lalo naging popular ang gawa ng sapatos ni donillo .
Naging popular din ang dalawang dwende na araw-araw ay iba ang isinusuot na damit dahil itinatahi sila ni Jelina.,3,naging popular din ang dalawa dwende na araw ay iba ang suot na damit dahil tahi sila ni jelina .
"Sa wakas, nakainom din si Maya.",3,sa wakas inom din si maya .
Tuwang-tuwa si Ching! ,3,tuwa si ching !
Makinang ang mga ito sa dilim!,3,kinang ang mga ito sa dilim !
Hay! Nakahinga rin siya nang maluwag!,3,hay ! hinga rin siya nang luwag !
Tumingala si Ching at namangha siya sa kaniyang nakita,3,tingala si ching at mangha siya sa kanya kita
Ang ganda pala pag ganitong madilim!,3,ang ganda pala pag ganito dilim !
"Ang dami palang makikita kahit madilim!"" manghang nasabi ni Ching sa sarili",3,ang dami palang kita kahit dilim ! mangha nasabi ni ching sa sarili
"Maya-maya pa, may naghiyawan sa mga kapitbahay at halos sabay-sabay na lumiwanag ang mga kabahayan, ",3,mayamaya pa may hiyaw sa mga kapitbahay at halos sabaysabay na liwanag ang mga bahay
Laking tuwa niya nang makatagpo siya ng sombrero.,3,laki tuwa niya nang tagpo siya ng sombrero .
Nagtawa nang malakas si Matsing,3,tawa nang lakas si matsing
"""Mas maganda ang nakuha ko.",3,mas ganda ang kuha ko .
"""Tiyak na mabubuhay ito dahil may ugat na,"" sabi ni Pagong.",3,tiyak na buhay ito dahil may ugat na sabi ni pagong .
Lumaki ito nang lumaki hanggang mamunga.,3,laki ito nang laki hanggang bunga .
"Pero pagbagsak sa tubig, biglang nagtawa si Pagong.",3,pero bagsak sa tubig bigla tawa si pagong .
"May isang haciendero sa isang bayan sa katimugan, na may plantasyon ng mga punong namumunga at alagang mga kabayo.",3,may isa haciendero sa isa bayan sa katimugan na may plantasyon ng mga puno namumunga at alaga mga kabayo .
"Minsan siyang nagkaroon ng kabigha-bighaning asawa na may ngiting tila banayad na sikat ng araw sa kaniyang mukha, at kung tumawa'y tila kuliling ng maliliit na kampanilya.",3,minsan siyang nagkaroon ng kabighabighaning asawa na may ngiting tila banayad na sikat ng araw sa kanya mukha at kung tawa ay tila kuliling ng liit na kampanilya .
"Hilig niya ang tumakbo sa kakahuyan nang nakayapak, at sumakay ng kabayo sa paligid ng bukid nang walang siya.",3,hilig niya ang takbo sa kahoy nang nakayapak at sakay ng kabayo sa paligid ng bukid nang wala siya .
Lagi siyang puno ng lakas at sigla na kung minsa'y kinakapos tuloy siya ng hininga.,3,lagi siyang puno ng lakas at sigla na kung minsa ay kinakapos tuloy siya ng hininga .
"Ngunit tuwing naririnig niya ang halinghing ng mga kabayo at nasasamyo ang mapang halinang simoy ng hangin na labas-masok sa malalapad na bintana ng kanilang malaki at lumang bahay, nalilimutan na niya ang lahat.",3,ngunit tuwing dinig niya ang halinghing ng mga kabayo at nasasamyo ang mapang halinang simoy ng hangin na labasmasok sa malalapad na bintana ng kanila laki at luma bahay nalilimutan na niya ang lahat .
"""Chisco"" ang tawag ng bata sa sarili. Mahina ang kaniyang katawan at sakitin, bagamat taglay niya ang ngiti at sigla ng kaniyang ina.",3,chisco ang tawag ng bata sa sarili . mahina ang kanya katawan at sakit bagamat taglay niya ang ngiti at sigla ng kanya ina .
"Ganunpaman,gustong-gusto pa rin niya ang maglaro sa labas.",3,ganunpamangustonggusto pa rin niya ang laro sa labas .
"Kung maaabutan niya ang ama sa plantasyon, hahayaan siya nitong mamulot ng mga sanga, kulisap, at mga tuyong dahon.",3,kung maaabutan niya ang ama sa plantasyon hahayaan siya nitong mamulot ng mga sanga kulisap at mga tuyong dahon .
"Kapag napagod, ipipitas niya si Chisco ng kahit anong bunga para kainin ito sa lilim ng isang matabang kamagong na siyang pinakapaboritong puno ni Chisco sa buong plantasyon.",3,kapag pagod ipipitas niya si chisco ng kahit anong bunga para kain ito sa lilim ng isa taba kamagong na siyang pinakapaboritong puno ni chisco sa buo plantasyon .
"Hihilata ang bata sa lupa at sa lilim ng mga sanga, kakainin niya ang mga bungang bagong pitas ng kaniyang ama minsa'y aratiles, mangga, mabolo, santol, rambutan, lanzones o bayabas",3,hihilata ang bata sa lupa at sa lilim ng mga sanga kakainin niya ang mga bungang bago pitas ng kanya ama minsa ay aratiles mangga mabolo santol rambutan lanzones o bayabas
"""Gusto ko nandito pa siya pag malaki na ako at mag-aabot na ang mga daliri ko pag yakap ko siya!"" sabi ni Chisco.",3,gusto ko nandito pa siya pag laki na ako at magaabot na ang mga daliri ko pag yakap ko siya ! sabi ni chisco .
"Yayakapin niya ang katawan ng puno at kaka-usapin itong parang isang kaibigan. Tila nararamdaman ito ng puno hanggang sa kaniyang mga ugat, at nagsimula itong yumabong.",3,yayakapin niya ang katawan ng puno at kakausapin itong parang isa kaibigan . tila nararamdaman ito ng puno hanggang sa kanya mga ugat at nagsimula itong yumabong .
"Lumago at tumingkad ang luntiang mga dahon nito, tumibay ang katawan, namukadkad ang mga bulaklak at namunga ng kayumanggi at mamula-mulang mabolo, kahit hindi na kapanahunan.",3,lumago at tumingkad ang luntiang mga dahon nito tumibay ang katawan namukadkad ang mga bulaklak at namunga ng kayumanggi at mamulamulang mabolo kahit hindi na kapanahunan .
"Tuwing umaga, kinakawayan niya ang kaniyang amang paalis na upang alagaan angg kaniyang mga kabayo at mga puno.",3,tuwing umaga kinakawayan niya ang kanya amang paalis na upang alagaan angg kanya mga kabayo at mga puno .
"Pinuno niya ang kuwarto ng anak ng maraming bagay - iba't ibang mga laruan, istanteng puno ng mga libro, isang bunton ng makukulay na papel, pintura, at mga lapis na pangguhit at pangsulat.",3,pinuno niya ang kuwarto ng anak ng dami bagay iba at iba mga laruan istanteng puno ng mga libro isa bunton ng makukulay na papel pintura at mga lapis na pangguhit at pangsulat .
"Kinarga si Chisco ng kaniyang ama at isinakay sa kabayo. Dahan-dahan, nagsimula siyang umugoy-ugoy. Maya maya'y napangiti siya at nabakas sa mukha niya ang kaligayang tila tuma talbog sa apat na sulok ng kaniyang kuwarto.",3,karga si chisco ng kanya ama at isinakay sa kabayo . dahandahan nagsimula siyang umugoyugoy . maya maya ay napangiti siya at nabakas sa mukha niya ang kaligayang tila tuma talbog sa apat na sulok ng kanya kuwarto .
"""Pinagawa ko itong kabayong tumbatumba mula doon sa puno ng kamagong na namatay,"" sabi nito sa anak, at napangiti lang si Chisco at sinabing, ""Alam ko po.""",3,pinagawa ko itong kabayong tumbatumba mula doon sa puno ng kamagong na patay sabi nito sa anak at napangiti lang si chisco at sinabing alam ko po .
"Inilagay nila ang kabayo sa tabi ng bintana, at doon, naglagi si Chisco, paugoy-ugoy, nagkukunwaring nakasakay sa isang totoong kabayo atlumilibot sa plantasyon ng kaniyang ama.",3,lagay nila ang kabayo sa tabi ng bintana at doon naglagi si chisco paugoyugoy nagkukunwaring nakasakay sa isa totoong kabayo atlumilibot sa plantasyon ng kanya ama .
"Iniisip niyang nakikipagkarera siya hanggang sa labas ng tarang kahan. Iniisip niyang malaki na siya, at naglalakbay sa malalayong lupain, dala-dala ang marami niyang kayamanan sa kaniyang kuwarto - ang kaniyang mga laruan, libro, instrumentong pangmusika.",3,isip niyang nakikipagkarera siya hanggang sa labas ng tarang kahan . isip niyang laki na siya at naglalakbay sa malalayong lupain daladala ang dami niyang yaman sa kanya kuwarto ang kanya mga laruan libro instrumentong pangmusika .
Ganito ang masasaya at huling araw ni Chisco sa plantasyon.,3,ganito ang masasaya at huling araw ni chisco sa plantasyon .
"Hindi na ako malulungkot, sigaw ni Bathala na tuwang-tuwa.",4,hindi na ako lungkot sigaw ni bathala na tuwa .
Tuwang-tuwa ang mga tao sa ginawang himala ni Bathala.,4,tuwa ang mga tao sa gawa himala ni bathala .
"Katamtaman na ang init at lamig! Salamat, O Bathala! sigaw nila.",4,katamtaman na ang init at lamig ! salamat o bathala ! sigaw nila .
Noon lamang sila nakakita ng ganoon kagandang tala.,4,noon lamang sila kita ng ganoon ganda tala .
Magpugay tayo sa kanya! sabi ng isa.,4,pugay tayo sa kanya ! sabi ng isa .
Isinilang na ang Hari ng mga Hari!,4,silang na ang hari ng mga hari !
Tuwang-tuwa sila na makita ang Hari ng mga Hari.,4,tuwa sila na kita ang hari ng mga hari .
"Sa lahat ng aking mga pinsan, siya ang aking hinahangaan. ",4,sa lahat ng aking mga pinsan siya ang aking hanga .
Bilib na bilib ako kay Raquel. ,4,bilib na bilib ako kay raquel .
"Wow? Ang galing-galing,",4,wow ? ang galing
Wiling wili ako sa pakikinig at pangangarap ng sinasabi niyang pambihirang daigdig. ,4,wiling wili ako sa kinig at pangarap ng sabi niyang bihira daigdig .
May ngiti na uli ang kaniyang labi.,4,may ngiti na uli ang kanya labi .
"Hinimas si Onyok, kinantahan, pinatawa.",4,himas si onyok kanta tawa .
"Masayang nagigising, nanggigising na masaya,",4,saya gising gising na saya
"Ang mahiyaing manok, Iniunat ang likod, Ikinuskos ang paa, Itinaas ang leeg, Inilatag ang pakpak, At saka tumilaok Nang matinis at sunud-sunod:",4,ang hiya manok unat ang likod kuskos ang paa taas ang leeg latag ang pakpak at saka tilaok nang tinis at sunudsunod
"Paglaki ko, ako naman ang magtuturo Sa mga mahiyaing batang manok Kung paano ang pagtilaok.",4,laki ko ako naman ang turo sa mga hiya bata manok kung paano ang tilaok .
Tuwang-tuwa si Poknoy Palaka.,4,tuwa si poknoy palaka .
Iyon lang at masaya nang nagtatalon palayo si Poknoy Palaka.,4,iyon lang at saya nang talon layo si poknoy palaka .
Masaya siya dahil may magandang aral siyang natutunan.,4,saya siya dahil may maganda aral siyang tuto .
"""Nagustuhan mo ba ang aking kuwento, apo?"" ""Opo, lola!""",4,gusto mo ba ang aking kuwento apo ? opo lola !
Upang may makain silang masarap na keso araw-araw.,4,upang may kain silang sarap na keso araw .
sa paligid ng buwan ay masayang luminga-linga.,4,sa paligid ng buwan ay saya lumingalinga .
Totoo nga pala! sigaw niyang buong saya.,4,totoo nga pala ! sigaw niyang buo saya .
Nagtawanan lamang ang mga kawal.,4,tawa lamang ang mga kawal .
Gusto kong pakasal sa prinsesa!,4,gusto kong kasal sa prinsesa !
"Kung sisisid ako sa kahariang iyon, tiyak na marami pang perlas at alahas ang makukuha ko",4,kung sisid ako sa kaharian iyon tiyak na dami pang perlas at alahas ang kuha ko
"""Kaibigang Langgam, halika't maglaro"" Sabi ni Tipaklong na pabiro-biro.",4,kaibigan langgam halika at laro sabi ni tipaklong na biro .
"""Ang sarap mag-aliw!",4,ang sarap aliw !
pakanta-kanta at patalon-talon.,4,kanta at talon .
Mahal na mahal ni Tiya Justa ang dalawa,4,mahal na mahal ni tiya justa ang dalawa
"""Halika't mas mainam itong iulam!""",4,halika at mas inam itong ulam !
"Tuwang-tuwang kinain nina Tiya Justa, Juanita, at Jovita ang alimango. ",4,tuwa kain nina tiya justa juanita at jovita ang alimango .
"""Pakakasalan daw ng Prinsipe ang may-ari ng sapatos,"" nasasabik na sabi ng dalawang kapatid ni Maria.",4,kasal daw ng prinsipe ang yari ng sapatos sabik na sabi ng dalawa kapatid ni maria .
Ipinahanda ang isang maringal na kasal.,4,handa ang isa dingal na kasal .
"Dumalo sa palasyo ang mga tao para tingnan ang magandang asawa ng Prinsipe, ang magandang si Mariang Alimango.",4,dalo sa palasyo ang mga tao para tingin ang maganda asawa ng prinsipe ang maganda si mariang alimango .
At nanaginip si Datu Usman ng isang malaki't gintong sarimanok.,4,at panaginip si datu usman ng isa laki at ginto sarimanok .
"""Magkano, magkano ang manok mo?"" sabik na tanong ng datu.",4,magkano magkano ang manok mo ? sabik na tanong ng datu .
Tinapik pa uli ng datu ang manok bago ito pakawalan sa silid at lumabas ang ikaapat na butil ng ginto!,4,tapik pa uli ng datu ang manok bago ito kawala sa silid at labas ang apat na butil ng ginto !
Napanaginip niya ang mahiwagang manok at punong-puno ng ginto ang silid nito!,4,panaginip niya ang hiwaga manok at puno ng ginto ang silid nito !
Maraming kalaro si Tiktaktok.,4,dami kalaro si tiktaktok .
"""Ang sarap,""",4,ang sarap
Naging magkaibigan na sila.,4,naging kaibigan na sila .
Magmula noon ay nagbago na si Pikpakbum.,4,mula noon ay bago na si pikpakbum .
Hindi na sila nag-aaway ng kaniyang kapatid.,4,hindi na sila away ng kanya kapatid .
At tumawa nang tumawa habang mabilis na tumatakbo.,4,at tawa nang tawa habang bilis na takbo .
"""At hindi kita narinig na umiyak. Napakatapang ng aking anak!",4,at hindi kita dinig na iyak . tapang ng aking anak !
"Ikaw ang matapang kong Beybi Dan!""",4,ikaw ang tapang kong beybi dan !
"Kahanga-hanga ang pagkakagawa, sabi nito.",4,hanga ang gawa sabi nito .
Bago matulog ay pinainom niya ng gamot si Jelina at nagpasalamat sa Diyos sa biyaya nito sa araw na iyon.,4,bago tulog ay inom niya ng gamot si jelina at salamat sa diyos sa biyaya nito sa araw na iyon .
Tapos na ang mga iyon at kamangha-mangha dahil sa pulidong pagkagawa.,4,tapos na ang mga iyon at mangha dahil sa pulido gawa .
"""Napakaganda at walang kaparis ang mga sapatos mo,"" wika ng mamimili.",4,ganda at wala paris ang mga sapatos mo wika ng pili .
"""Irerekomenda ko sa aking ma kakilala na dito na sila bumili.""",4,rekomenda ko sa aking ma kilala na dito na sila bili .
"""Maraming salamat po,"" natutuwang sabi ni Donillo.",4,dami salamat po tuwa sabi ni donillo .
"Matapos painumin ng gamot si Jelina, nagdasal ng pasasalamat si Donillo bago matulog.",4,tapos inom ng gamot si jelina dasal ng salamat si donillo bago tulog .
"Araw-araw, nagsusumamo ang haciendero sa asawang huwag masyadong pagurin ang sarili, at lagi, nangangako itong susunod sa pakiusap niya.",4,araw nagsusumamo ang haciendero sa asawa huwag masyadong pagurin ang sarili at lagi nangangako itong sunod sa pakiusap niya .
"Pinagod niya nang husto ang kaniyang sarili, hanggang isang araw ay tinakasan na siya ng hininga, at hindi na niya ito muling nahabol pa.",4,pinagod niya nang husto ang kanya sarili hanggang isa araw ay tinakasan na siya ng hininga at hindi na niya ito muli nahabol pa .
"Pumanaw ang kabiyak ng haciendero noong tag-araw ng ika-anim na taon ng kanilang pagsasama, at naulila ang kanilang munting supling na si Francisco.",4,pumanaw ang biyak ng haciendero noon tagaraw ng ikaanim na taon ng kanila pagsasama at naulila ang kanila munti supling na si francisco .
Madali siyang mapagod at hindi niya kayang magbabad sa labas ng bahay sa buong maghapon.,4,madali siyang mapagod at hindi niya kayang magbabad sa labas ng bahay sa buo hapon .
"Tatakbo siya at hahanapin ang kaniyang ama, at magmamakaawang pasakayin siya sa paborito niyang kabayo na kulay-kape at may kiling na kulay asukal na pula.",4,takbo siya at hahanapin ang kanya ama at magmamakaawang pasakayin siya sa paborito niyang kabayo na kulaykape at may kiling na kulay asukal na pula .
"Ngunit isang maaliwalas na umaga noong tag-araw, hindi na dinalaw ni Chisco ang puno.",4,ngunit isa maaliwalas na umaga noon tagaraw hindi na dalaw ni chisco ang puno .
"Ang kaniyang katawan, na mahina na noonpaman, ay nauubusan na ng sigla.",4,ang kanya katawan na mahina na noonpaman ay nauubusan na ng sigla .
"Nanatili si Chisco sa loob ng apat na dingding ng kaniyang silid. Maghapon lang siyang nakatanghod sa bintana, tahimik na umaasang makapaglalaro muli sa labas.",4,nanatili si chisco sa loob ng apat na dingding ng kanya silid . hapon lang siyang nakatanghod sa bintana tahimik na umaasang makapaglalaro muli sa labas .
"Pagbalik nito ng dapithapon, nandoon pa rin Chisco, nag-aabang, nakadikit ang mukha sa malamig na rehas ng bintana.",4,pagbalik nito ng dapithapon nandoon pa rin chisco nagaabang nakadikit ang mukha sa lamig na rehas ng bintana .
Ginawa ng haciendero ang lahat upang amuin at ibaling ang isip ng anak mula sa labas ng bahay.,4,gawa ng haciendero ang lahat upang amuin at ibaling ang isip ng anak mula sa labas ng bahay .
"May dumadating pang mga tutor upang turuan at libangin si Chisco sa mundo ng mga titik, musika at sining, ngunit kahit anong saya at halina ang hatid ng mga ito, tila walang makatutumbas sa ligayang dulot ng paglalaro sa labas.",4,may dumadating pang mga tutor upang turo at libangin si chisco sa mundo ng mga titik musika at sining ngunit kahit anong saya at halina ang hatid ng mga ito tila wala makatutumbas sa ligayang dulot ng laro sa labas .
"Hinahanap-hanap ni Chisco ang pagtakbo sa damuhan, pagsakay sa paborito niyang kabayo, at pagkain ng prutas sa lilim ng puno ng kamagong.",4,hinahanaphanap ni chisco ang pagtakbo sa damuhan pagsakay sa paborito niyang kabayo at kain ng prutas sa lilim ng puno ng kamagong .
"Natatanaw nga niya ang puno mula sakaniyang bintana, at alam niyang naghihintay itong yakapin niyang muli at sabihan na lumaki pa nang husto.",4,natatanaw nga niya ang puno mula sakaniyang bintana at alam niyang hintay itong yakapin niyang muli at sabihan na laki pa nang husto .
Batid niyang nararamdaman nito ang matagal niyang pagkawala.,4,batid niyang nararamdaman nito ang tagal niyang pagkawala .
"Sa paglipas ng mga araw, tumamlay ang kulay ng mga dahon nito, at pagtagal, hindi na ito namunga o namulaklak.",4,sa lipas ng mga araw tumamlay ang kulay ng mga dahon nito at pagtagal hindi na ito namunga o namulaklak .
"Walang humpay si Chisco sa pagtatanong kung puwede na siyang lumabas at mas mabuti na ang kaniyang pakiramdam, ngunit ang tanging sagot ng kaniyang ama ay tingnan natin.?",4,wala humpay si chisco sa pagtatanong kung puwede na siyang labas at mas buti na ang kanya ramdam ngunit ang tangi sagot ng kanya ama ay tingin natin . ?
"Isinakay ang kamagong sa isang trak na may businang tila huni ng pato. Mula sa kaniyang bintana, malungkot na pinagmasdan ni Chisco ang papalayong trak.",4,isinakay ang kamagong sa isa trak na may businang tila huni ng pato . mula sa kanya bintana lungkot na pinagmasdan ni chisco ang papalayong trak .
"Tulad ng kaniyang ina, tahimik na pumanaw si Chisco pagkatapos ng tag-araw na iyon.",4,tulad ng kanya ina tahimik na pumanaw si chisco tapos ng tagaraw na iyon .
"Inilagay ng kaniyang ama ang kabayong tumba tumba sa damuhan sa tabi ng kaniyang libingan, at hinayaan lang itong mabulok sa paglipas ng panahon.",4,lagay ng kanya ama ang kabayong tumba tumba sa damuhan sa tabi ng kanya libingan at hinayaan lang itong mabulok sa lipas ng panahon .
"Para namang ibang tao ang tingin mo sa akin, sabi ng tatay ni Nino. Di naman sa ganoon, pinsan, para na rin ito sa seguridad niyo.",4,para namang iba tao ang tingin mo sa akin sabi ng tatay ni nino . hindi naman sa ganoon pinsan para na rin ito sa seguridad niyo .
"Iba ang antas ng buhay niyo sa amin, sabi ng tatay ni Boyet habang itinutulos ang mga sanga ng kakawate sa pagitan ng bahay-na-kahoy at ng bahay-na-bato.",4,iba ang antas ng buhay niyo sa amin sabi ng tatay ni boyet habang itinutulos ang mga sanga ng kakawate sa pagitan ng bahaynakahoy at ng bahaynabato .
"Mula noon, di na nag-usap ang mga tatay ni Boyet at ni Nino.",4,mula noon hindi na nagusap ang mga tatay ni boyet at ni nino .
At di na rin nag-usap ang mga nanay nina Boyet at si Nino.,4,at hindi na rin nagusap ang mga nanay nina boyet at si nino .
"Simula nang mailagay ang bakod, di na nakapaglaro ang dalawang bata.",4,simula nang mailagay ang bakod hindi na nakapaglaro ang dalawa bata .
Nadamay sila sa samaan ng loob ng kanilang mga tatay.,4,nadamay sila sa samaan ng loob ng kanila mga tatay .
Natigil ang pagbibigayan nila ng masasarap na ulam kung hapunan.,4,natigil ang pagbibigayan nila ng masasarap na ulam kung hapunan .
"May malaking problema si Tatay, walang masakyan para madala ang mga gulay sa Bayan.",4,may laki problema si tatay wala masakyan para madala ang mga gulay sa bayan .
Ang problema ni Inang Kalikasan: Puno ng sanga't dahon ang kanyang ulo. Dito dumadapo at gumagawa ng pugad ang mga ibon.,4,ang problema ni inang kalikasan puno ng sanga at dahon ang kanyang ulo . dito dumadapo at gawa ng pugad ang mga ibon .
"Gustung-gusto man niya ang pagdalaw at pagkanta ng mga ibon, ginugulo ng mga ito ang kanyang buhok.",4,gustunggusto man niya ang pagdalaw at pagkanta ng mga ibon ginugulo ng mga ito ang kanyang buhok .
"Ano ang gagawin ko sa buhok kong ito? tanong ni Inang Kalikasan kay Araw. Natutuwa ako sa mga ibon, pero huwag sana sa aking ulo.",4,ano ang gagawin ko sa buhok kong ito ? tanong ni inang kalikasan kay araw . natutuwa ako sa mga ibon pero huwag sana sa aking ulo .
"Nasubukan mo na bang magsumbrero? tanong ni Araw. Araw naman, mamamatay ang mga dahon ko kung hindi mo sila masisinagan, at hindi madidiligan ng ulan ang aking ulo kung magsusumbrero ako.",4,nasubukan mo na bang magsumbrero ? tanong ni araw . araw naman mamamatay ang mga dahon ko kung hindi mo sila masisinagan at hindi madidiligan ng ulan ang aking ulo kung magsusumbrero ako .
"Likas na malaya ang mga ibon, Araw. Hindi naman yata tamang baguhin ko ito nang dahil lang nais ko. Wala na akong maipapayo pa kung gayon. Patawarin mo nawa ako, aking reynang walang korona.",4,likas na malaya ang mga ibon araw . hindi naman yata tamang baguhin ko ito nang dahil lang nais ko . wala na akong maipapayo pa kung gayon . patawarin mo nawa ako aking reynang wala korona .
"Inamoy ni Inang Kalikasan ang halimuyak ng korona. Nang isukat niya ito, niyakap ng mga bulaklak ang kanyang buhok at ang mga sanga dito. Kaya nga lang, mabilis na nasira ang korona dahil kinuha ng mga ibon ang mga talulot at talahib para ipanggawa ng kanilang mga pugad.",4,inamoy ni inang kalikasan ang halimuyak ng korona . nang isukat niya ito yakap ng mga bulaklak ang kanyang buhok at ang mga sanga dito . kaya nga lang bilis na nasira ang korona dahil kuha ng mga ibon ang mga talulot at talahib para ipanggawa ng kanila mga pugad .
"Tumingin sa salamin si Inang Kalikasan, at nakita niyang kahawig lamang ng korona ang mga sanga sa kanyang ulo.",4,tingin sa salamin si inang kalikasan at kita niyang kahawig lamang ng korona ang mga sanga sa kanyang ulo .
"Dala ng mga anghel ang koronang yari sa mga ulap, ngunit parati lang itong nakalutang at hindi lumalapag sa kanyang ulo.",4,dala ng mga anghel ang koronang yari sa mga ulap ngunit parati lang itong lutang at hindi lumalapag sa kanyang ulo .
Mula naman sa ginto at iba pang mamahaling metal ang koronang pinanday ng mga duwende. Ngunit masyado itong maliit sapat lamang upang gawing pulseras ng reyna.,4,mula naman sa ginto at iba pang mamahaling metal ang koronang pinanday ng mga duwende . ngunit masyado itong liit sapat lamang upang gawing pulseras ng reyna .
"Dala naman ng buwan at mga bituin ang koronang pinilas mula sa kalangitan ng gabi, ngunit hindi naman ito mapansin dahil sing-itim nito ang buhok ng reyna.",4,dala naman ng buwan at mga bituin ang koronang pinilas mula sa kalangitan ng gabi ngunit hindi naman ito mapansin dahil singitim nito ang buhok ng reyna .
"Haru, wala ka bang nakalimutan? tanong ni Tatay. Malayo ang ating papasyalan. Magdala ka na rin ng tubig para sa ating tatlo, dugtong niya.",4,haru wala ka bang limot ? tanong ni tatay . layo ang ating papasyalan . magdala ka na rin ng tubig para sa ating tatlo dugtong niya .
"Sandali, naalala kong bigla si Luis, na aking kas√°ma at naging kaibigan sa matagal na panahon. Kumusta na kay√¢ siya? dugtong niya.",4,sandali alaala kong bigla si luis na aking kasma at naging kaibigan sa tagal na panahon . kumusta na kay siya ? dugtong niya .
"Halos tatlong taon iyong hindi kami nag-eeskuwela, kuwento ni Lolo habang lumilinga-linga sa aming dinaraanan.",4,halos tatlong taon iyong hindi kami nageeskuwela kuwento ni lolo habang linga sa aming dinaraanan .
"Biglang-bigla, hindi na kami makapaligo at makapagpaagos ng mga bangkang-papel sa sapa. Hindi na nakapanghuhuli ng tipaklong sa kagubatan, patuloy ni Lolo.",4,biglangbigla hindi na kami makapaligo at makapagpaagos ng mga bangkangpapel sa sapa . hindi na nakapanghuhuli ng tipaklong sa kagubatan tuloy ni lolo .
"May nadaanan kaming lumang simbahan. Dito ako bininyagan. Naging garison ito ng mga Hapon. Kaya biglang-bigla, hindi na kami nakapagsisimba noon dahil sa matinding pangamba.",4,may nadaanan kami luma simbahan . dito ako bininyagan . naging garison ito ng mga hapon . kaya biglangbigla hindi na kami nakapagsisimba noon dahil sa matinding pangamba .
"Lagi akong umiiyak noon, idinarasal kong matapos na sana ang giyera, humina ang boses ni Lolo.",4,lagi akong iyak noon idinarasal kong tapos na sana ang giyera humina ang boses ni lolo .
Pero binomba at winasak ito ng mga Hapon.,4,pero binomba at winasak ito ng mga hapon .
"Biglang-bigla, nawalan ng kinang ang tangh√°lan. Naglaho ang malakas na halakhakan ng mga tao, nab√∫hay muli ang boses ni Lolo.",4,biglangbigla nawalan ng kinang ang tanghlan . naglaho ang lakas na halakhakan ng mga tao nabhay muli ang boses ni lolo .
Pero ako'y nalungkot dahil umalis na rin ang aking naging kaibigang Hapon.,4,pero ako ay nalungkot dahil alis na rin ang aking naging kaibigan hapon .
Paggising niya ay apat na pares ng magaganda at kakaibang sapatos ang nakadispley sa kanyang tindahan.,5,gising niya ay apat na pares ng ganda at iba sapatos ang displey sa kanyang tindahan .
"Magaling na ako, wika ni Jelina. ",5,galing na ako wika ni jelina .
Dumami ang mga mamimili ni Donillo. ,5,dami ang mga pili ni donillo .
Nabawi na rin niya ang perang naubos sa pagpapagamot ni Jelina.,5,bawi na rin niya ang pera ubos sa gamot ni jelina .
"""Malaki ang utang na loob natin sa kung sinumang tumutulong sa atin,"" wika ni Donillo.",5,laki ang utang na loob natin sa kung sinumang tulong sa atin wika ni donillo .
"""Dahil sa kanila ay muling gumaan ang ating buhay.""",5,dahil sa kanila ay muli gaan ang ating buhay .
Nag-isip ang mag-asawa kung ano ang maaaring ipalit sa kagandahang loob ng mga dwende.,5,isip ang magasawa kung ano ang aring palit sa ganda loob ng mga dwende .
Nagsayawan sa tuwa ang dalawang dwende.,5,sayaw sa tuwa ang dalawa dwende .
"""Nagustuhan n'yo ba?"" nakangiting tanong ni Jelina. Tumango ang dalawa at yumuko.",5,gusto niyo ba ? ngiti tanong ni jelina . tango ang dalawa at yuko .
Nagpalitan ng tingin ang mga dwende. Pagkatapos ay sabay na tumango. Niyakap ni Jelina ang mga ito.,5,nagpalitan ng tingin ang mga dwende . tapos ay sabay na tango . yakap ni jelina ang mga ito .
Mula noon ay lalong naging popular ang pagawaan ng sapatos ni Donillo. ,5,mula noon ay lalo naging popular ang gawa ng sapatos ni donillo .
Naging popular din ang dalawang dwende na araw-araw ay iba ang isinusuot na damit dahil itinatahi sila ni Jelina.,5,naging popular din ang dalawa dwende na araw ay iba ang suot na damit dahil tahi sila ni jelina .
"Sa wakas, nakainom din si Maya.",5,sa wakas inom din si maya .
Tuwang-tuwa si Ching! ,5,tuwa si ching !
Makinang ang mga ito sa dilim!,5,kinang ang mga ito sa dilim !
Hay! Nakahinga rin siya nang maluwag!,5,hay ! hinga rin siya nang luwag !
Tumingala si Ching at namangha siya sa kaniyang nakita,5,tingala si ching at mangha siya sa kanya kita
Ang ganda pala pag ganitong madilim!,5,ang ganda pala pag ganito dilim !
"Ang dami palang makikita kahit madilim!"" manghang nasabi ni Ching sa sarili",5,ang dami palang kita kahit dilim ! mangha nasabi ni ching sa sarili
"Maya-maya pa, may naghiyawan sa mga kapitbahay at halos sabay-sabay na lumiwanag ang mga kabahayan, ",5,mayamaya pa may hiyaw sa mga kapitbahay at halos sabaysabay na liwanag ang mga bahay
Laking tuwa niya nang makatagpo siya ng sombrero.,5,laki tuwa niya nang tagpo siya ng sombrero .
Nagtawa nang malakas si Matsing,5,tawa nang lakas si matsing
"""Mas maganda ang nakuha ko.",5,mas ganda ang kuha ko .
"""Tiyak na mabubuhay ito dahil may ugat na,"" sabi ni Pagong.",5,tiyak na buhay ito dahil may ugat na sabi ni pagong .
Lumaki ito nang lumaki hanggang mamunga.,5,laki ito nang laki hanggang bunga .
"Pero pagbagsak sa tubig, biglang nagtawa si Pagong.",5,pero bagsak sa tubig bigla tawa si pagong .
"Hindi na ako malulungkot, sigaw ni Bathala na tuwang-tuwa.",5,hindi na ako lungkot sigaw ni bathala na tuwa .
Tuwang-tuwa ang mga tao sa ginawang himala ni Bathala.,5,tuwa ang mga tao sa gawa himala ni bathala .
"Katamtaman na ang init at lamig! Salamat, O Bathala! sigaw nila.",5,katamtaman na ang init at lamig ! salamat o bathala ! sigaw nila .
Noon lamang sila nakakita ng ganoon kagandang tala.,5,noon lamang sila kita ng ganoon ganda tala .
Magpugay tayo sa kanya! sabi ng isa.,5,pugay tayo sa kanya ! sabi ng isa .
Isinilang na ang Hari ng mga Hari!,5,silang na ang hari ng mga hari !
Tuwang-tuwa sila na makita ang Hari ng mga Hari.,5,tuwa sila na kita ang hari ng mga hari .
"Sa lahat ng aking mga pinsan, siya ang aking hinahangaan. ",5,sa lahat ng aking mga pinsan siya ang aking hanga .
Bilib na bilib ako kay Raquel. ,5,bilib na bilib ako kay raquel .
"Wow? Ang galing-galing,",5,wow ? ang galing
Wiling wili ako sa pakikinig at pangangarap ng sinasabi niyang pambihirang daigdig. ,5,wiling wili ako sa kinig at pangarap ng sabi niyang bihira daigdig .
May ngiti na uli ang kaniyang labi.,5,may ngiti na uli ang kanya labi .
"Hinimas si Onyok, kinantahan, pinatawa.",5,himas si onyok kanta tawa .
"Masayang nagigising, nanggigising na masaya,",5,saya gising gising na saya
"Ang mahiyaing manok, Iniunat ang likod, Ikinuskos ang paa, Itinaas ang leeg, Inilatag ang pakpak, At saka tumilaok Nang matinis at sunud-sunod:",5,ang hiya manok unat ang likod kuskos ang paa taas ang leeg latag ang pakpak at saka tilaok nang tinis at sunudsunod
"Paglaki ko, ako naman ang magtuturo Sa mga mahiyaing batang manok Kung paano ang pagtilaok.",5,laki ko ako naman ang turo sa mga hiya bata manok kung paano ang tilaok .
Tuwang-tuwa si Poknoy Palaka.,5,tuwa si poknoy palaka .
Iyon lang at masaya nang nagtatalon palayo si Poknoy Palaka.,5,iyon lang at saya nang talon layo si poknoy palaka .
Masaya siya dahil may magandang aral siyang natutunan.,5,saya siya dahil may maganda aral siyang tuto .
"""Nagustuhan mo ba ang aking kuwento, apo?"" ""Opo, lola!""",5,gusto mo ba ang aking kuwento apo ? opo lola !
Upang may makain silang masarap na keso araw-araw.,5,upang may kain silang sarap na keso araw .
sa paligid ng buwan ay masayang luminga-linga.,5,sa paligid ng buwan ay saya lumingalinga .
Totoo nga pala! sigaw niyang buong saya.,5,totoo nga pala ! sigaw niyang buo saya .
Nagtawanan lamang ang mga kawal.,5,tawa lamang ang mga kawal .
Gusto kong pakasal sa prinsesa!,5,gusto kong kasal sa prinsesa !
"Napupuno ng dayami, siit, at ipot ng ibon ang ulo niyang kayganda dati.Sinubok niyang bugawin ang mga ibon, ngunit bumabalik lang ang mga ito upang muling gumawa ng pugad sa tuwing matutulog si Inang Kalikasan.",5,napupuno ng dayami siit at ipot ng ibon ang ulo niyang kayganda dati.sinubok niyang bugawin ang mga ibon ngunit bumabalik lang ang mga ito upang muli gawa ng pugad sa tuwing matutulog si inang kalikasan .
Nabagsakan ng ipot ang aming Gabaldon sa eskuwelahan.,5,nabagsakan ng ipot ang aming gabaldon sa eskuwelahan .
"Sela, alam kong tinutulungan mo si Lupito sa mga pagsubok niya. Ginamit mo ang kaalaman mo.",5,sela alam kong tinutulungan mo si lupito sa mga pagsubok niya . ginamit mo ang kaalaman mo .
"Tuwing uubo ang taong may sakit, sumasama ang virus sa kanyang ubo na maaring makahawa sa taong malapit sa kanya.",5,tuwing uubo ang tao may sakit sama ang virus sa kanyang ubo na maaring makahawa sa tao malapit sa kanya .
Saksakan ng ingay sa barberya ni Mang Enteng at kanya-kanya ng paboritong barbero ang bawat suki.,5,saksakan ng ingay sa barberya ni mang enteng at kanyakanya ng paboritong barbero ang bawat suki .
"Marami ang nakakakilala sa dyunyor ni Hepe, dahil si Berting ang walang kaduda-dudang pinakamalikot at pinakamadaldal sa lahat ng bata sa Barangay Siete.",5,dami ang nakakakilala sa dyunyor ni hepe dahil si berting ang wala kadudadudang pinakamalikot at pinakamadaldal sa lahat ng bata sa barangay siete .
"Pagpasok na pagpasok pa lang ng mag-ama, namayani na ang matinis na boses ng bata sa apat na sulok ng barberya.",5,pasok na pasok pa lang ng magama namayani na ang tinis na boses ng bata sa apat na sulok ng barberya .
Ang baho ng amoy ng basura.,5,ang baho ng amoy ng basura .
Madumi ang kuko ng kalaro ko.,5,madumi ang kuko ng kalaro ko .
Nakaka suka ang amoy ng hangin.,5,nakaka suka ang amoy ng hangin .
"Nakakadiri, may buhok sa aking pagkain.",5,diri may buhok sa aking kain .
Napaka baho ng amoy ng lumang kakanin na ito.,5,napaka baho ng amoy ng luma kakanin na ito .
"Ayoko ng gulay  na madudulas, nakaka diri ang lasa.",5,ayoko ng gulay na madudulas nakaka diri ang lasa .
Kasuklam suklam ang ugali ng aking kaibigan.,5,kasuklam suklam ang ugali ng aking kaibigan .
Malagkit ang kamay ng kapatid ko.,5,malagkit ang kamay ng kapatid ko .
Ang itim-itim ng ngipin ni Mang Juan.,5,ang itimitim ng ngipin ni mang juan .
Masagwa ang itsura ng gagamba.,5,masagwa ang itsura ng gagamba .
Ang pangit naman ng lasa ng isda.,5,ang pangit naman ng lasa ng isda .
"Eww, malagkit ang kumot ni kuya.",5,eww malagkit ang kumot ni kuya .
"Nakakadiri, may amag ang tinapay na nabili ko sa tindahan.",5,diri may amag ang tinapay na nabili ko sa tindahan .
"Ayoko ng lasa okra, napaka lapot.",5,ayoko ng lasa okra napaka lapot .
"Nakakadiri, may lumot sa tubig ilog.",5,diri may lumot sa tubig ilog .
"Yuck, madumi ang paa ng aleng ito!",5,yuck madumi ang paa ng aleng ito !
Ang baho naman ng amoy ng bulok na itlog.,5,ang baho naman ng amoy ng bulok na itlog .
Malansa ang amoy sa palengke.,5,malansa ang amoy sa palengke .
Ang pangit ng itsura ng mga asong gala.,5,ang pangit ng itsura ng mga aso gala .
Napaka dumi ng damit ng aking kalaro.,5,napaka dumi ng damit ng aking kalaro .
Ayoko sumama kay inay sa palengke dahil masangsang ang amoy. ,5,ayoko sumama kay inay sa palengke dahil masangsang ang amoy .
Lumabas ang kalansay ng aso sa bakuran.,5,labas ang kalansay ng aso sa bakuran .
"Ang dumi ng bola, kadiri!",5,ang dumi ng bola diri !
Ayoko ng maasim na prutas!,5,ayoko ng maasim na prutas !
Masagwa ang mga salitang lumalabas sa bibig niya.,5,masagwa ang mga salitang lumalabas sa bibig niya .
"Nakakadiri, may mga tae sa sahig.",5,diri may mga tae sa sahig .
Ang pangit sa pakiramdam kapag nadampian ka ng ahas.,5,ang pangit sa ramdam kapag nadampian ka ng ahas .
"Eww, mukhang luma na ang laruan.",5,eww mukhang luma na ang laruan .
"Yuck, ang baho ng amoy mo.",5,yuck ang baho ng amoy mo .
"Ayoko ng mantikilya, malagkit!",5,ayoko ng mantikilya malagkit !
Karimarimarim ang pag uugali ng mga kabataan ngayon.,5,karimarimarim ang pag uugali ng mga kabataan ngayon .
Nakakainis ang ugali ng aking kaibigan.,5,nakakainis ang ugali ng aking kaibigan .
"Eww, nakaka diri ang amoy mo.",5,eww nakaka diri ang amoy mo .
Ang baho naman ng paa ni manong.,5,ang baho naman ng paa ni manong .
Napakarami mong basura sa higaan.,5,dami mong basura sa higaan .
Ayoko ng madilim na kwarto.,5,ayoko ng dilim na kwarto .
"Yuck, malagkit na ang laruan ko.",5,yuck malagkit na ang laruan ko .
"Nakakadiri, may sipon si ate!",5,diri may sipon si ate !
Ang pangit naman ng itsura ng buwaya,5,ang pangit naman ng itsura ng buwaya
Masangsang ang amoy ng paborito kong teddy bear.,5,masangsang ang amoy ng paborito kong teddy bear .
"Kadiri, may putik sa pantalon!",5,diri may putik sa pantalon !
Ayoko ng amoy ng sigarilyo.,5,ayoko ng amoy ng sigarilyo .
"Kung sisisid ako sa kahariang iyon, tiyak na marami pang perlas at alahas ang makukuha ko",6,kung sisid ako sa kaharian iyon tiyak na dami pang perlas at alahas ang kuha ko
"""Kaibigang Langgam, halika't maglaro"" Sabi ni Tipaklong na pabiro-biro.",6,kaibigan langgam halika at laro sabi ni tipaklong na biro .
"""Ang sarap mag-aliw!",6,ang sarap aliw !
pakanta-kanta at patalon-talon.,6,kanta at talon .
Mahal na mahal ni Tiya Justa ang dalawa,6,mahal na mahal ni tiya justa ang dalawa
"""Halika't mas mainam itong iulam!""",6,halika at mas inam itong ulam !
"Tuwang-tuwang kinain nina Tiya Justa, Juanita, at Jovita ang alimango. ",6,tuwa kain nina tiya justa juanita at jovita ang alimango .
"""Pakakasalan daw ng Prinsipe ang may-ari ng sapatos,"" nasasabik na sabi ng dalawang kapatid ni Maria.",6,kasal daw ng prinsipe ang yari ng sapatos sabik na sabi ng dalawa kapatid ni maria .
Ipinahanda ang isang maringal na kasal.,6,handa ang isa dingal na kasal .
"Dumalo sa palasyo ang mga tao para tingnan ang magandang asawa ng Prinsipe, ang magandang si Mariang Alimango.",6,dalo sa palasyo ang mga tao para tingin ang maganda asawa ng prinsipe ang maganda si mariang alimango .
At nanaginip si Datu Usman ng isang malaki't gintong sarimanok.,6,at panaginip si datu usman ng isa laki at ginto sarimanok .
"""Magkano, magkano ang manok mo?"" sabik na tanong ng datu.",6,magkano magkano ang manok mo ? sabik na tanong ng datu .
Tinapik pa uli ng datu ang manok bago ito pakawalan sa silid at lumabas ang ikaapat na butil ng ginto!,6,tapik pa uli ng datu ang manok bago ito kawala sa silid at labas ang apat na butil ng ginto !
Napanaginip niya ang mahiwagang manok at punong-puno ng ginto ang silid nito!,6,panaginip niya ang hiwaga manok at puno ng ginto ang silid nito !
Maraming kalaro si Tiktaktok.,6,dami kalaro si tiktaktok .
"""Ang sarap,""",6,ang sarap
Naging magkaibigan na sila.,6,naging kaibigan na sila .
Magmula noon ay nagbago na si Pikpakbum.,6,mula noon ay bago na si pikpakbum .
Hindi na sila nag-aaway ng kaniyang kapatid.,6,hindi na sila away ng kanya kapatid .
At tumawa nang tumawa habang mabilis na tumatakbo.,6,at tawa nang tawa habang bilis na takbo .
"""At hindi kita narinig na umiyak. Napakatapang ng aking anak!",6,at hindi kita dinig na iyak . tapang ng aking anak !
"Ikaw ang matapang kong Beybi Dan!""",6,ikaw ang tapang kong beybi dan !
"Kahanga-hanga ang pagkakagawa, sabi nito.",6,hanga ang gawa sabi nito .
Bago matulog ay pinainom niya ng gamot si Jelina at nagpasalamat sa Diyos sa biyaya nito sa araw na iyon.,6,bago tulog ay inom niya ng gamot si jelina at salamat sa diyos sa biyaya nito sa araw na iyon .
Tapos na ang mga iyon at kamangha-mangha dahil sa pulidong pagkagawa.,6,tapos na ang mga iyon at mangha dahil sa pulido gawa .
"""Napakaganda at walang kaparis ang mga sapatos mo,"" wika ng mamimili.",6,ganda at wala paris ang mga sapatos mo wika ng pili .
"""Irerekomenda ko sa aking ma kakilala na dito na sila bumili.""",6,rekomenda ko sa aking ma kilala na dito na sila bili .
"""Maraming salamat po,"" natutuwang sabi ni Donillo.",6,dami salamat po tuwa sabi ni donillo .
"Matapos painumin ng gamot si Jelina, nagdasal ng pasasalamat si Donillo bago matulog.",6,tapos inom ng gamot si jelina dasal ng salamat si donillo bago tulog .
Paggising niya ay apat na pares ng magaganda at kakaibang sapatos ang nakadispley sa kanyang tindahan.,6,gising niya ay apat na pares ng ganda at iba sapatos ang displey sa kanyang tindahan .
"Magaling na ako, wika ni Jelina. ",6,galing na ako wika ni jelina .
Dumami ang mga mamimili ni Donillo. ,6,dami ang mga pili ni donillo .
Nabawi na rin niya ang perang naubos sa pagpapagamot ni Jelina.,6,bawi na rin niya ang pera ubos sa gamot ni jelina .
"""Malaki ang utang na loob natin sa kung sinumang tumutulong sa atin,"" wika ni Donillo.",6,laki ang utang na loob natin sa kung sinumang tulong sa atin wika ni donillo .
"""Dahil sa kanila ay muling gumaan ang ating buhay.""",6,dahil sa kanila ay muli gaan ang ating buhay .
Nag-isip ang mag-asawa kung ano ang maaaring ipalit sa kagandahang loob ng mga dwende.,6,isip ang magasawa kung ano ang aring palit sa ganda loob ng mga dwende .
Nagsayawan sa tuwa ang dalawang dwende.,6,sayaw sa tuwa ang dalawa dwende .
"""Nagustuhan n'yo ba?"" nakangiting tanong ni Jelina. Tumango ang dalawa at yumuko.",6,gusto niyo ba ? ngiti tanong ni jelina . tango ang dalawa at yuko .
Nagpalitan ng tingin ang mga dwende. Pagkatapos ay sabay na tumango. Niyakap ni Jelina ang mga ito.,6,nagpalitan ng tingin ang mga dwende . tapos ay sabay na tango . yakap ni jelina ang mga ito .
Mula noon ay lalong naging popular ang pagawaan ng sapatos ni Donillo. ,6,mula noon ay lalo naging popular ang gawa ng sapatos ni donillo .
Naging popular din ang dalawang dwende na araw-araw ay iba ang isinusuot na damit dahil itinatahi sila ni Jelina.,6,naging popular din ang dalawa dwende na araw ay iba ang suot na damit dahil tahi sila ni jelina .
"Sa wakas, nakainom din si Maya.",6,sa wakas inom din si maya .
Tuwang-tuwa si Ching! ,6,tuwa si ching !
Makinang ang mga ito sa dilim!,6,kinang ang mga ito sa dilim !
Hay! Nakahinga rin siya nang maluwag!,6,hay ! hinga rin siya nang luwag !
Tumingala si Ching at namangha siya sa kaniyang nakita,6,tingala si ching at mangha siya sa kanya kita
Ang ganda pala pag ganitong madilim!,6,ang ganda pala pag ganito dilim !
"Ang dami palang makikita kahit madilim!"" manghang nasabi ni Ching sa sarili",6,ang dami palang kita kahit dilim ! mangha nasabi ni ching sa sarili
"Maya-maya pa, may naghiyawan sa mga kapitbahay at halos sabay-sabay na lumiwanag ang mga kabahayan, ",6,mayamaya pa may hiyaw sa mga kapitbahay at halos sabaysabay na liwanag ang mga bahay
Laking tuwa niya nang makatagpo siya ng sombrero.,6,laki tuwa niya nang tagpo siya ng sombrero .
Nagtawa nang malakas si Matsing,6,tawa nang lakas si matsing
"""Mas maganda ang nakuha ko.",6,mas ganda ang kuha ko .
"""Tiyak na mabubuhay ito dahil may ugat na,"" sabi ni Pagong.",6,tiyak na buhay ito dahil may ugat na sabi ni pagong .
Lumaki ito nang lumaki hanggang mamunga.,6,laki ito nang laki hanggang bunga .
napansin niyang mukhang nangalanta't napag-iwanan ang mahal na mga rosas ni Lucing,6,pansin niyang mukhang nangalanta at napagiwanan ang mahal na mga rosas ni lucing
inalok niya ako na magpalipas ng gabi,6,inalok niya ako na magpalipas ng gabi
"Dalawin mo siya lagi, at sabihin mo na tumubo pa siya nang husto. Alam mo, naririnig ka niya, sabay takip ng daliri sa labi, na parang may nasabing isang malaking sikreto.",6,dalaw mo siya lagi at sabi mo na tumubo pa siya nang husto . alam mo dinig ka niya sabay takip ng daliri sa labi na parang may nasabing isa laki sikreto .
"Isang umaga, natagpuan ang kamagong na nabunot sa lupa, nakahandusay sa mahamog na damuhan, at nakaturo ang tuktok nito sa bahay ng haciendero.",6,isa umaga natagpuan ang kamagong na nabunot sa lupa nakahandusay sa mahamog na damuhan at nakaturo ang tuktok nito sa bahay ng haciendero .
"Napakamot na lang ng ulo ang haciendero sa kagila-gilalas na pang-yayari, matapos ay nagpasiyang hindi na maaaringitanim muli ang puno.",6,kamot na lang ng ulo ang haciendero sa kagilagilalas na pangyayari tapos ay nagpasiyang hindi na maaaringitanim muli ang puno .
"Lumipas ang ilang linggo, at nang mga huling araw ng tag-araw, dumating ang isang paketeng nababalutan ng diyaryo at lubid, at mga tatlong talampakan ang taas at lapad.",6,lumipas ang ilang linggo at nang mga huling araw ng tagaraw dating ang isa paketeng nababalutan ng diyaryo at lubid at mga tatlong talampakan ang taas at lapad .
"Lulan ito ng trak na dalawang beses bumusina bago humimpil sa tapat ng bintana ni Chisco. Dalawang kabataang lalaki ang maingat na bumuhat nito pababa ng trak, at dinig ang boses ng haciendero na nagsasabing dalhin nila ito sa itaas ng bahay.",6,lulan ito ng trak na dalawa beses bumusina bago humimpil sa tapat ng bintana ni chisco . dalawa kabataang lalaki ang maingat na bumuhat nito pababa ng trak at dinig ang boses ng haciendero na nagsasabing dalhin nila ito sa taas ng bahay .
"Pinutol ng haciendero ang lubid at nang matanggal ang lahat ng diyaryong nakabalot, tumambad sa kanila ang laman ng pakete isang makintab na kabayong tumbatumba, itim na itim, maliban sa siya nitong kulay asukal na pula.",6,pinutol ng haciendero ang lubid at nang matanggal ang lahat ng diyaryong nakabalot tumambad sa kanila ang laman ng pakete isa makintab na kabayong tumbatumba itim na itim maliban sa siya nitong kulay asukal na pula .
"Sa isang saglit, parang nakita ng hacienderong kumislap ang maiitim na mata ng kabayo, ngunit baka pinaglaruan lang siya ng sinag ng araw.",6,sa isa saglit parang kita ng hacienderong kumislap ang maiitim na mata ng kabayo ngunit baka pinaglaruan lang siya ng sinag ng araw .
"Samantala, sa dating kinatatayuanng puno ng kamagong, nasulyapan ng haciendero ang isang murang puno na umuusbong, tila nagpupumiglas itong papalabas ng lupa.",6,samantala sa dati kinatatayuanng puno ng kamagong sulyap ng haciendero ang isa murang puno na umuusbong tila nagpupumiglas itong papalabas ng lupa .
Napakamot na lang siya ng ulo sa kamangha-manghang nasaksihan. Napangiti siya.,6,kamot na lang siya ng ulo sa kamanghamanghang saksi . napangiti siya .
"Salamat talaga, pinsan! Paano mo nalamang problema namin ang sasakyang magdadala ng mga gulay sa palengke? tanong ng tatay ni Boyet habang inilululan ang mga talbos, talong, kamatis, at kalabasa.",6,salamat talaga pinsan ! paano mo nalamang problema namin ang sasakyang magdadala ng mga gulay sa palengke ? tanong ng tatay ni boyet habang inilululan ang mga talbos talong kamatis at kalabasa .
Ako? tugon ni Araw habang nagkakamot ng ulo.,6,ako ? tugon ni araw habang nagkakamot ng ulo .
"Inihandog ng Araw ang isang koronang yari sa liwanag at apoy. Sa sobrang liwanag nito, nasilaw si Inang Kalikasan.",6,inihandog ng araw ang isa koronang yari sa liwanag at apoy . sa sobrang liwanag nito nasilaw si inang kalikasan .
"Maraming bag ang inilagay ni Tatay sa likuran ng aming asul na kotse. Tay, saan natin ipapasyal si Lolo? tanong ko kay Tatay. Malalaman mo na mamaya, sagot niya.",6,dami bag ang lagay ni tatay sa likuran ng aming asul na kotse . tay saan natin ipapasyal si lolo ? tanong ko kay tatay . malalaman mo na mamaya sagot niya .
"Eroplanong pandigma pal√° iyon ng mga Hap√≥n. Biglang-bigla, hindi na kami puwedeng maglaro.",6,eroplanong pandigma pal iyon ng mga hapn . biglangbigla hindi na kami puwede laro .
"Sa bawat ipot na ibinabagsak ng mga ibon, may sumasabog at nasusunog.",6,sa bawat ipot na ibinabagsak ng mga ibon may sumasabog at nasusunog .
"Ang mahal kong aklatan, nasunog!",6,ang mahal kong aklatan nasunog !
"Biglang-bigla, hindi na kami puwedeng pumasok sa eskuwelahan!",6,biglangbigla hindi na kami puwede pasok sa eskuwelahan !
Pero hindi ko akalaing ang naiwang niyag anak sa babaeng Filipino ang aking iibigin at mapapang asawa paglaon.,6,pero hindi ko akalaing ang naiwang niyag anak sa babaeng filipino ang aking iibigin at mapapang asawa paglaon .
"Bumusina si Tatay sa isang malaki at kalawanging gate. Maya-maya, binuksan ang gate ng isang lalaki na parang lolo na rin. Nakita ko ang isang malawak na hardin.",6,bumusina si tatay sa isa laki at kalawanging gate . mayamaya bukas ang gate ng isa lalaki na parang lolo na rin . kita ko ang isa lawak na hardin .
Biglang nagsalita si Lolo. Heto ang isang pintura. Ang batang may hawak na pulang-lobo ay si Izumi kasama ang kaniyang Ina.,6,bigla salita si lolo . heto ang isa pintura . ang bata may hawak na pulanglobo ay si izumi sama ang kanya ina .
Napalingon kami ni Tatay sa kinaroroonan ni Lolo. At suot na niya ang sombrerong pang Hapon.,6,napalingon kami ni tatay sa kinaroroonan ni lolo . at suot na niya ang sombrerong pang hapon .
Napakalayo pala ng San Rafael! Di ko ito naramdaman nang papunta pa lang kami.,6,napakalayo pala ng san rafael ! hindi ko ito naramdaman nang papunta pa lang kami .
nagkasalubong sila sa labas,6,nagkasalubong sila sa labas
Alam ko yata kung kailan nila talagang simulang nakita ang isa't isa bilang tunay na magkaibigan,6,alam ko yata kung kailan nila talagang simulang kita ang isa at isa bilang tunay na kaibigan
Hindi ko inakalang nasa pinakaliblib na sulok sa katimugang Pilipinas ang bayang hinahanap ko.,6,hindi ko inakalang nasa pinakaliblib na sulok sa katimugang pilipinas ang bayang hanap ko .
Nagulat ako sa aking dinatnan,6,gulat ako sa aking dinatnan
Pinainom ako ng pastol ng tubig mula sa kanyang sisidlan na yari sa kawayan,6,inom ako ng pastol ng tubig mula sa kanyang sisidlan na yari sa kawayan
"Kinaumagahan, nagising akong wala na sa bahay ang matandang pastol",6,umaga gising akong wala na sa bahay ang matandang pastol
Nasa isang lambak pala ang kanyang pastulan,6,nasa isa lambak pala ang kanyang pastulan
Nagtatanim pala siya ng puno ng narra!,6,nagtatanim pala siya ng puno ng narra !
nagulat ako nang may natanaw akong manipis na ulap na nakaputong sa itaas ng kabundukan,6,gulat ako nang may tanaw akong manipis na ulap na nakaputong sa taas ng kabundukan
Nag-iba na pala siya ng hanapbuhay,6,nagiba na pala siya ng hanapbuhay
Mas matataas na sa aming dalawa ang libu-libong puno ng narra,6,mas matataas na sa aming dalawa ang libulibong puno ng narra
Mahigit labing-isang kilometro ang haba at tatlong kilometro na ang lapad ng gubat,6,mahigit labingisang kilometro ang haba at tatlong kilometro na ang lapad ng gubat
"Kung iisipin na ang lahat ng ito'y nagmula sa kamay, tiyaga at dedikasyon ng isang taong wala namang pormal na kasanayan",6,kung iisipin na ang lahat ng ito ay simula sa kamay tiyaga at dedikasyon ng isa tao wala namang pormal na kasanayan
namalikmata sa likas na kagandahan ng gubat.,6,namalikmata sa likas na kagandahan ng gubat .
hindi ko na nakilala ang mga lugar na aking nakita,6,hindi ko na nakilala ang mga lugar na aking kita
Ibang-iba na nga ang paligid,6,ibangiba na nga ang paligid
Nagsulputan din ang mga bagong bahay na may maririkit na harding hitik sa mga bulaklak at iba't ibang uri ng gulay,6,nagsulputan din ang mga bago bahay na may maririkit na harding hitik sa mga bulaklak at iba at iba uri ng gulay
may nakita si Miguel na isang pulang plastik sa silya.,6,may kita si miguel na isa pulang plastik sa silya .
Marunong ka ring magtanim Tay?,6,runong ka ring magtanim tay ?
Manghang-mangha siya sa kagandahan ng dalaga,6,manghangmangha siya sa kagandahan ng dalaga
"Maayos naman siyang sinalubong ng mag-anak at pinag almusal ng itlog, tinapay, at mainit na tsokolate",6,maayos naman siyang sinalubong ng maganak at pinag almusal ng itlog tinapay at init na tsokolate
"Nagpalakpakan ang mga tao,manghang-mangha na nagawa ito ng isang hindi nila katulad.",6,nagpalakpakan ang mga taomanghangmangha na nagawa ito ng isa hindi nila katulad .
